regulator,target,sign,K,half_response,hill_coefficient,source,mode,pmids
Sp1,Abcc1,+,1.0,1.0,2.0,TRRUST_v2_mouse,Activation,9865734
Sp1,Acaca,+,1.0,1.0,2.0,TRRUST_v2_mouse,Activation,8576128
Sp3,Acaca,+,1.0,1.0,2.0,TRRUST_v2_mouse,Activation,8576128
Srebf1,Acaca,+,1.0,1.0,2.0,TRRUST_v2_mouse,Activation,23137031
Sp1,Acsbg1,+,1.0,1.0,2.0,TRRUST_v2_mouse,Activation,16125341
Sp3,Acsbg1,+,1.0,1.0,2.0,TRRUST_v2_mouse,Activation,16125341
Sp1,Acss1,+,1.0,1.0,2.0,TRRUST_v2_mouse,Activation,14960588
Sp1,Acta2,+,1.0,1.0,2.0,TRRUST_v2_mouse,Activation,12110667
Sp3,Acta2,+,1.0,1.0,2.0,TRRUST_v2_mouse,Activation,12110667
Smad3,Acta2,+,1.0,1.0,2.0,TRRUST_v2_mouse,Activation,17303001;21990365;15306544
Tcf3,Acta2,+,1.0,1.0,2.0,TRRUST_v2_mouse,Activation,12663487
Sp1,Adcyap1r1,+,1.0,1.0,2.0,TRRUST_v2_mouse,Activation,24045949
Nfkb1,Adipoq,+,1.0,1.0,2.0,TRRUST_v2_mouse,Activation,19013780
Foxo1,Adipoq,+,1.0,1.0,2.0,TRRUST_v2_mouse,Activation,17090532
Tcf3,Adipoq,+,1.0,1.0,2.0,TRRUST_v2_mouse,Activation,18669923
Srebf1,Adipoq,+,1.0,1.0,2.0,TRRUST_v2_mouse,Activation,18669923
Nfkb1,Adora1,+,1.0,1.0,2.0,TRRUST_v2_mouse,Activation,17350174;17869311
Gata4,Adora1,+,1.0,1.0,2.0,TRRUST_v2_mouse,Activation,10318839
Nfkb1,Adora2a,-,1.0,1.0,2.0,TRRUST_v2_mouse,Repression,17869311
Trp53,Afp,-,1.0,1.0,2.0,TRRUST_v2_mouse,Repression,15657445
Smad4,Afp,+,1.0,1.0,2.0,TRRUST_v2_mouse,Activation,20348100
Trp53,Agt,+,1.0,1.0,2.0,TRRUST_v2_mouse,Activation,23019230
Trp53,Agtr1a,+,1.0,1.0,2.0,TRRUST_v2_mouse,Activation,23019230
Sp1,Ahr,+,1.0,1.0,2.0,TRRUST_v2_mouse,Activation,20478378;9778040;8806768
Sp3,Ahr,+,1.0,1.0,2.0,TRRUST_v2_mouse,Activation,9778040
Rela,Akt1,+,1.0,1.0,2.0,TRRUST_v2_mouse,Activation,14580677
Stat3,Akt1,+,1.0,1.0,2.0,TRRUST_v2_mouse,Activation,16007214
Foxo1,Akt1,+,1.0,1.0,2.0,TRRUST_v2_mouse,Activation,19944124
Esr2,Akt1,+,1.0,1.0,2.0,TRRUST_v2_mouse,Activation,19211725
Runx2,Alpl,+,1.0,1.0,2.0,TRRUST_v2_mouse,Activation,23287548
Foxo1,Alpl,+,1.0,1.0,2.0,TRRUST_v2_mouse,Activation,11786925
Msx2,Alpl,-,1.0,1.0,2.0,TRRUST_v2_mouse,Repression,15383550
Trp53,Amelx,+,1.0,1.0,2.0,TRRUST_v2_mouse,Activation,9189625
Yy1,Amelx,+,1.0,1.0,2.0,TRRUST_v2_mouse,Activation,16674681
Cebpa,Amelx,+,1.0,1.0,2.0,TRRUST_v2_mouse,Activation,16595692
Jun,Angpt2,+,1.0,1.0,2.0,TRRUST_v2_mouse,Activation,17287278
Ets1,Angpt2,+,1.0,1.0,2.0,TRRUST_v2_mouse,Activation,17287278;18720385
Ppara,Angptl4,+,1.0,1.0,2.0,TRRUST_v2_mouse,Activation,15190076
Pparg,Angptl4,+,1.0,1.0,2.0,TRRUST_v2_mouse,Activation,15190076;19934321;14570927
Nfkb1,Ankrd2,+,1.0,1.0,2.0,TRRUST_v2_mouse,Activation,20442316
Srebf1,Ankrd2,+,1.0,1.0,2.0,TRRUST_v2_mouse,Activation,23824195
Myod1,Ankrd2,+,1.0,1.0,2.0,TRRUST_v2_mouse,Activation,23824195
Trp53,Apaf1,+,1.0,1.0,2.0,TRRUST_v2_mouse,Activation,11389439;11591730;12883670;11896574;18951482
Sp1,App,+,1.0,1.0,2.0,TRRUST_v2_mouse,Activation,14715929
Sp1,Arntl,+,1.0,1.0,2.0,TRRUST_v2_mouse,Activation,24030830
Sp1,Ascl2,+,1.0,1.0,2.0,TRRUST_v2_mouse,Activation,23071113
Trp53,Atf3,+,1.0,1.0,2.0,TRRUST_v2_mouse,Activation,18445702;21927023
Sox2,Atoh1,+,1.0,1.0,2.0,TRRUST_v2_mouse,Activation,22340499
Msx2,Atoh1,+,1.0,1.0,2.0,TRRUST_v2_mouse,Activation,24715462
Nfkb1,Atp12a,-,1.0,1.0,2.0,TRRUST_v2_mouse,Repression,12372765
Rela,Atp12a,-,1.0,1.0,2.0,TRRUST_v2_mouse,Repression,12372765
Ctnnb1,Axin2,+,1.0,1.0,2.0,TRRUST_v2_mouse,Activation,11940574;19795391
Runx2,Axin2,-,1.0,1.0,2.0,TRRUST_v2_mouse,Repression,23300083
Sp1,Bace1,+,1.0,1.0,2.0,TRRUST_v2_mouse,Activation,14701757
Hif1a,Bace1,+,1.0,1.0,2.0,TRRUST_v2_mouse,Activation,17303576
Trp53,Bak1,+,1.0,1.0,2.0,TRRUST_v2_mouse,Activation,22671997
Nfkb1,Banp,+,1.0,1.0,2.0,TRRUST_v2_mouse,Activation,18981184
Trp53,Bax,+,1.0,1.0,2.0,TRRUST_v2_mouse,Activation,10566557;12942774;17522316;20546728;21092747;22532570;23019230;15988033;17145718;18381427;21859835;24586632
Runx2,Bax,+,1.0,1.0,2.0,TRRUST_v2_mouse,Activation,19894220
Foxo1,Bax,-,1.0,1.0,2.0,TRRUST_v2_mouse,Repression,15817464
Trp53,Bbc3,+,1.0,1.0,2.0,TRRUST_v2_mouse,Activation,20546728;21092747;25522273
Nfkb1,Bcl2,+,1.0,1.0,2.0,TRRUST_v2_mouse,Activation,11567031;15934930;21813505
Rela,Bcl2,+,1.0,1.0,2.0,TRRUST_v2_mouse,Activation,21813505;23578476
Stat3,Bcl2,-,1.0,1.0,2.0,TRRUST_v2_mouse,Repression,22260960;10748100
Nfe2l2,Bcl2,+,1.0,1.0,2.0,TRRUST_v2_mouse,Activation,22275372
E2f1,Bcl2,-,1.0,1.0,2.0,TRRUST_v2_mouse,Repression,11704823
Nfkb1,Bcl2a1d,+,1.0,1.0,2.0,TRRUST_v2_mouse,Activation,11880364;12665576;19343319
Rela,Bcl2a1d,+,1.0,1.0,2.0,TRRUST_v2_mouse,Activation,11880364;19343319
Rel,Bcl2a1d,+,1.0,1.0,2.0,TRRUST_v2_mouse,Activation,11880364
Nfkb1,Bcl2l1,+,1.0,1.0,2.0,TRRUST_v2_mouse,Activation,10987817;10585435;18056349;24675460
Rela,Bcl2l1,+,1.0,1.0,2.0,TRRUST_v2_mouse,Activation,10585435
Stat3,Bcl2l1,-,1.0,1.0,2.0,TRRUST_v2_mouse,Repression,20067773
Ctnnb1,Bcl2l1,+,1.0,1.0,2.0,TRRUST_v2_mouse,Activation,16339534
Ets2,Bcl2l1,+,1.0,1.0,2.0,TRRUST_v2_mouse,Activation,19179380;11278399
Sox9,Best1,+,1.0,1.0,2.0,TRRUST_v2_mouse,Activation,20530484
Mitf,Best1,+,1.0,1.0,2.0,TRRUST_v2_mouse,Activation,14982938
Sp1,Bfsp1,+,1.0,1.0,2.0,TRRUST_v2_mouse,Activation,9651486
Runx2,Bglap,+,1.0,1.0,2.0,TRRUST_v2_mouse,Activation,10088730;10440929;12145306;20116374;20578243;21147283;12110689;12403780;16613847;17167770;17707335;18821584;19175684;19339281;19419310;22493443
Mef2c,Bglap,+,1.0,1.0,2.0,TRRUST_v2_mouse,Activation,21652706
Nr0b2,Bglap,+,1.0,1.0,2.0,TRRUST_v2_mouse,Activation,21147283
Msx2,Bglap,+,1.0,1.0,2.0,TRRUST_v2_mouse,Activation,12145306
Sp1,Bglap2,+,1.0,1.0,2.0,TRRUST_v2_mouse,Activation,21820092
Ctnnb1,Bglap2,+,1.0,1.0,2.0,TRRUST_v2_mouse,Activation,15526274
Runx2,Bglap2,+,1.0,1.0,2.0,TRRUST_v2_mouse,Activation,15292260;17439944;18821584;19324883;20717926;21471200;24106268;12151083
Mef2c,Bglap2,+,1.0,1.0,2.0,TRRUST_v2_mouse,Activation,21652706
Msx2,Bglap2,-,1.0,1.0,2.0,TRRUST_v2_mouse,Repression,15131132
Nfkb1,Bin1,+,1.0,1.0,2.0,TRRUST_v2_mouse,Activation,10036185
E2f1,Bin1,-,1.0,1.0,2.0,TRRUST_v2_mouse,Repression,18348166
Nfkb1,Birc3,+,1.0,1.0,2.0,TRRUST_v2_mouse,Activation,11517251;11880364;19343319;18056349
Rela,Birc3,+,1.0,1.0,2.0,TRRUST_v2_mouse,Activation,11880364;19343319
Rel,Birc3,+,1.0,1.0,2.0,TRRUST_v2_mouse,Activation,11880364
Ctnnb1,Birc5,+,1.0,1.0,2.0,TRRUST_v2_mouse,Activation,16339534;17005722
Sox2,Birc5,+,1.0,1.0,2.0,TRRUST_v2_mouse,Activation,23301561
Crebbp,Birc5,+,1.0,1.0,2.0,TRRUST_v2_mouse,Activation,15782138
E2f1,Bmi1,+,1.0,1.0,2.0,TRRUST_v2_mouse,Activation,16582100
Sox9,Bmi1,+,1.0,1.0,2.0,TRRUST_v2_mouse,Activation,22246670
Nfkb1,Bmp2,+,1.0,1.0,2.0,TRRUST_v2_mouse,Activation,16835229
Rela,Bmp2,+,1.0,1.0,2.0,TRRUST_v2_mouse,Activation,16835229
Esr1,Bmp2,+,1.0,1.0,2.0,TRRUST_v2_mouse,Activation,12511606
Esr2,Bmp2,+,1.0,1.0,2.0,TRRUST_v2_mouse,Activation,12511606
Smad1,Bmp2,+,1.0,1.0,2.0,TRRUST_v2_mouse,Activation,11585340
Ctnnb1,Bmp4,+,1.0,1.0,2.0,TRRUST_v2_mouse,Activation,15907834
Ets1,Bmp4,+,1.0,1.0,2.0,TRRUST_v2_mouse,Activation,15695386
Pitx2,Bmp4,+,1.0,1.0,2.0,TRRUST_v2_mouse,Activation,22701669
Sp1,Bsg,+,1.0,1.0,2.0,TRRUST_v2_mouse,Activation,11814679;22678117
Sp3,Bsg,+,1.0,1.0,2.0,TRRUST_v2_mouse,Activation,11814679
Hif1a,Bsg,+,1.0,1.0,2.0,TRRUST_v2_mouse,Activation,22678117
Trp53,Btg2,+,1.0,1.0,2.0,TRRUST_v2_mouse,Activation,18445702
Sp1,Btk,+,1.0,1.0,2.0,TRRUST_v2_mouse,Activation,8934542
Nfkb1,Btk,+,1.0,1.0,2.0,TRRUST_v2_mouse,Activation,18292289
Sp1,Cadm1,+,1.0,1.0,2.0,TRRUST_v2_mouse,Activation,21672091
Notch1,Casp3,+,1.0,1.0,2.0,TRRUST_v2_mouse,Activation,15068794
Esr2,Casp3,-,1.0,1.0,2.0,TRRUST_v2_mouse,Repression,19211725
Trp53,Casp6,+,1.0,1.0,2.0,TRRUST_v2_mouse,Activation,18064040
Trp53,Casp7,+,1.0,1.0,2.0,TRRUST_v2_mouse,Activation,18064040
Foxo1,Casp8,+,1.0,1.0,2.0,TRRUST_v2_mouse,Activation,15565601
Esr2,Casp8,-,1.0,1.0,2.0,TRRUST_v2_mouse,Repression,19211725
Nfkb1,Ccl12,+,1.0,1.0,2.0,TRRUST_v2_mouse,Activation,17452470;12218154;16730843
Rela,Ccl12,+,1.0,1.0,2.0,TRRUST_v2_mouse,Activation,17452470;12218154;16730843
Jun,Ccl12,+,1.0,1.0,2.0,TRRUST_v2_mouse,Activation,18443042
Sp1,Ccl2,+,1.0,1.0,2.0,TRRUST_v2_mouse,Activation,10636866;12682245;9042660
Nfkb1,Ccl2,+,1.0,1.0,2.0,TRRUST_v2_mouse,Activation,10636866;18291098;17409491;17954363;18795166;22189654;23583295;9042660;9439980
Rela,Ccl2,+,1.0,1.0,2.0,TRRUST_v2_mouse,Activation,12682245;16166627;22189654
Ets1,Ccl2,+,1.0,1.0,2.0,TRRUST_v2_mouse,Activation,21372295;16888027
Egr1,Ccl2,+,1.0,1.0,2.0,TRRUST_v2_mouse,Activation,12468449
Nfkb1,Ccl20,+,1.0,1.0,2.0,TRRUST_v2_mouse,Activation,11581170;19303953;22240809
Foxa2,Ccl20,-,1.0,1.0,2.0,TRRUST_v2_mouse,Repression,20483781
Nfkb1,Ccl22,-,1.0,1.0,2.0,TRRUST_v2_mouse,Repression,11352815
Nfkb1,Ccl5,+,1.0,1.0,2.0,TRRUST_v2_mouse,Activation,16707500;10926836;12243350;18502824
Spi1,Ccl5,+,1.0,1.0,2.0,TRRUST_v2_mouse,Activation,16707500
Rel,Ccl5,+,1.0,1.0,2.0,TRRUST_v2_mouse,Activation,16707500
Irf1,Ccl5,+,1.0,1.0,2.0,TRRUST_v2_mouse,Activation,16707500;25957166
Sp1,Ccna1,+,1.0,1.0,2.0,TRRUST_v2_mouse,Activation,23112860
Trp53,Ccnb1,-,1.0,1.0,2.0,TRRUST_v2_mouse,Repression,10051609;11892838
Sp1,Ccnd1,+,1.0,1.0,2.0,TRRUST_v2_mouse,Activation,10611246;19850937
Nfkb1,Ccnd1,+,1.0,1.0,2.0,TRRUST_v2_mouse,Activation,10464245;10409765;11027278;16357145;23037503;23172667;23813870
Rela,Ccnd1,+,1.0,1.0,2.0,TRRUST_v2_mouse,Activation,10409765;10464245;15755876;23037503
Ctnnb1,Ccnd1,+,1.0,1.0,2.0,TRRUST_v2_mouse,Activation,11943708;14712077;15327767;14500370;15967802
E2f1,Ccnd1,-,1.0,1.0,2.0,TRRUST_v2_mouse,Repression,10611246;9584162
Sp1,Ccnd2,+,1.0,1.0,2.0,TRRUST_v2_mouse,Activation,9339900
Jun,Ccnd2,+,1.0,1.0,2.0,TRRUST_v2_mouse,Activation,16966326
Foxo1,Ccnd2,-,1.0,1.0,2.0,TRRUST_v2_mouse,Repression,12391153
Myc,Ccnd2,+,1.0,1.0,2.0,TRRUST_v2_mouse,Activation,9339900;10508165
Gata4,Ccnd2,+,1.0,1.0,2.0,TRRUST_v2_mouse,Activation,22923619;15464586
Sp1,Ccnd3,+,1.0,1.0,2.0,TRRUST_v2_mouse,Activation,10361118;8661116
Tcf3,Ccnd3,+,1.0,1.0,2.0,TRRUST_v2_mouse,Activation,15367695
Myod1,Ccnd3,+,1.0,1.0,2.0,TRRUST_v2_mouse,Activation,12105204
Ctnnb1,Ccne1,+,1.0,1.0,2.0,TRRUST_v2_mouse,Activation,15327767
Notch1,Ccne1,+,1.0,1.0,2.0,TRRUST_v2_mouse,Activation,18297084
Sp1,Cd1d2,+,1.0,1.0,2.0,TRRUST_v2_mouse,Activation,22419072
Nfe2l2,Cd36,+,1.0,1.0,2.0,TRRUST_v2_mouse,Activation,18514070;18585365
Ppara,Cd36,+,1.0,1.0,2.0,TRRUST_v2_mouse,Activation,19710929
Stat1,Cd36,+,1.0,1.0,2.0,TRRUST_v2_mouse,Activation,17533179
Ets1,Cd4,+,1.0,1.0,2.0,TRRUST_v2_mouse,Activation,8356078
Ets2,Cd4,+,1.0,1.0,2.0,TRRUST_v2_mouse,Activation,8356078
Nfkb1,Cd40,+,1.0,1.0,2.0,TRRUST_v2_mouse,Activation,11544320;20006573
Rela,Cd40,+,1.0,1.0,2.0,TRRUST_v2_mouse,Activation,11544320
Mitf,Cd40,+,1.0,1.0,2.0,TRRUST_v2_mouse,Activation,14962802
Nfkb1,Cd80,+,1.0,1.0,2.0,TRRUST_v2_mouse,Activation,11359799;11544320
Rela,Cd80,+,1.0,1.0,2.0,TRRUST_v2_mouse,Activation,11359799;11544320
Nfkb1,Cd86,+,1.0,1.0,2.0,TRRUST_v2_mouse,Activation,11544320
Rela,Cd86,+,1.0,1.0,2.0,TRRUST_v2_mouse,Activation,11544320
Nfkb1,Cdh1,-,1.0,1.0,2.0,TRRUST_v2_mouse,Repression,20683022
Smad3,Cdh1,-,1.0,1.0,2.0,TRRUST_v2_mouse,Repression,19597490
Tcf3,Cdh1,-,1.0,1.0,2.0,TRRUST_v2_mouse,Repression,11309385;23555842
Smad4,Cdh1,-,1.0,1.0,2.0,TRRUST_v2_mouse,Repression,19597490
Myc,Cdh1,+,1.0,1.0,2.0,TRRUST_v2_mouse,Activation,18519590
Sp1,Cdh5,+,1.0,1.0,2.0,TRRUST_v2_mouse,Activation,21464949
Sp3,Cdh5,+,1.0,1.0,2.0,TRRUST_v2_mouse,Activation,21464949
Trp53,Cdk2,-,1.0,1.0,2.0,TRRUST_v2_mouse,Repression,12732645
Nfkb1,Cdk4,+,1.0,1.0,2.0,TRRUST_v2_mouse,Activation,15699216
Trp53,Cdk5,+,1.0,1.0,2.0,TRRUST_v2_mouse,Activation,24341977
Sp1,Cdkn1a,+,1.0,1.0,2.0,TRRUST_v2_mouse,Activation,8995437;17090534;18381445;23066038;23329847
Sp3,Cdkn1a,+,1.0,1.0,2.0,TRRUST_v2_mouse,Activation,8995437;23066038
E2f1,Cdkn1a,+,1.0,1.0,2.0,TRRUST_v2_mouse,Activation,9191053
Foxo1,Cdkn1a,+,1.0,1.0,2.0,TRRUST_v2_mouse,Activation,23918930;24769335
Tcf3,Cdkn1a,+,1.0,1.0,2.0,TRRUST_v2_mouse,Activation,18211587
Rela,Cdkn1b,-,1.0,1.0,2.0,TRRUST_v2_mouse,Repression,17546045
Foxo1,Cdkn1b,+,1.0,1.0,2.0,TRRUST_v2_mouse,Activation,12904304
Sox2,Cdkn1b,+,1.0,1.0,2.0,TRRUST_v2_mouse,Activation,22855803
Sp1,Cdkn1c,+,1.0,1.0,2.0,TRRUST_v2_mouse,Activation,18513743
Egr1,Cdkn1c,+,1.0,1.0,2.0,TRRUST_v2_mouse,Activation,18513743
Myod1,Cdkn1c,+,1.0,1.0,2.0,TRRUST_v2_mouse,Activation,18513743;22740650
Rela,Cdkn2a,-,1.0,1.0,2.0,TRRUST_v2_mouse,Repression,17546045
Jun,Cdkn2a,+,1.0,1.0,2.0,TRRUST_v2_mouse,Activation,15688012
Ets1,Cdkn2a,+,1.0,1.0,2.0,TRRUST_v2_mouse,Activation,11234019;15520862
E2f1,Cdkn2a,+,1.0,1.0,2.0,TRRUST_v2_mouse,Activation,16869767;11062467
Ppara,Cdkn2a,+,1.0,1.0,2.0,TRRUST_v2_mouse,Activation,16239970
Smad3,Cdkn2b,+,1.0,1.0,2.0,TRRUST_v2_mouse,Activation,15241418
Smad4,Cdkn2b,+,1.0,1.0,2.0,TRRUST_v2_mouse,Activation,12429655
Myc,Cdkn2b,-,1.0,1.0,2.0,TRRUST_v2_mouse,Repression,24586582
Sp1,Cdkn2c,+,1.0,1.0,2.0,TRRUST_v2_mouse,Activation,22504641
E2f1,Cdkn2c,+,1.0,1.0,2.0,TRRUST_v2_mouse,Activation,22504641
Yy1,Cdkn2c,+,1.0,1.0,2.0,TRRUST_v2_mouse,Activation,22504641
Gata3,Cdkn2c,-,1.0,1.0,2.0,TRRUST_v2_mouse,Repression,24167278
Rela,Cdx2,-,1.0,1.0,2.0,TRRUST_v2_mouse,Repression,12360479
Ctnnb1,Cdx2,+,1.0,1.0,2.0,TRRUST_v2_mouse,Activation,18655789
Hnf4a,Cdx2,+,1.0,1.0,2.0,TRRUST_v2_mouse,Activation,18655789
Snai1,Cdx2,-,1.0,1.0,2.0,TRRUST_v2_mouse,Repression,17599044
Pou5f1,Cdx2,-,1.0,1.0,2.0,TRRUST_v2_mouse,Repression,23743205
Sp1,Cebpa,-,1.0,1.0,2.0,TRRUST_v2_mouse,Repression,10373535
Sp3,Cebpa,+,1.0,1.0,2.0,TRRUST_v2_mouse,Activation,11050170
Ppara,Cebpa,-,1.0,1.0,2.0,TRRUST_v2_mouse,Repression,14764586
Hnf4a,Cebpa,+,1.0,1.0,2.0,TRRUST_v2_mouse,Activation,15155787
Cebpb,Cebpa,+,1.0,1.0,2.0,TRRUST_v2_mouse,Activation,19663997;16431920
Nfkb1,Cebpb,+,1.0,1.0,2.0,TRRUST_v2_mouse,Activation,9212164
Nfe2l2,Cebpb,+,1.0,1.0,2.0,TRRUST_v2_mouse,Activation,22138520
Ppara,Cebpb,-,1.0,1.0,2.0,TRRUST_v2_mouse,Repression,14764586
Hnf4a,Cebpb,+,1.0,1.0,2.0,TRRUST_v2_mouse,Activation,15155787
Stat3,Cebpd,+,1.0,1.0,2.0,TRRUST_v2_mouse,Activation,10867011;16293640
Ppara,Cebpd,-,1.0,1.0,2.0,TRRUST_v2_mouse,Repression,14764586
Myc,Cebpd,-,1.0,1.0,2.0,TRRUST_v2_mouse,Repression,20426839
Stat1,Cebpd,+,1.0,1.0,2.0,TRRUST_v2_mouse,Activation,15930175
Sp1,Cend1,+,1.0,1.0,2.0,TRRUST_v2_mouse,Activation,16181419
Sp1,Ces1d,+,1.0,1.0,2.0,TRRUST_v2_mouse,Activation,11337511
Nfkb1,Cfb,+,1.0,1.0,2.0,TRRUST_v2_mouse,Activation,12193734
Stat1,Cfb,+,1.0,1.0,2.0,TRRUST_v2_mouse,Activation,11745388
Irf1,Cfb,+,1.0,1.0,2.0,TRRUST_v2_mouse,Activation,11745388
Nfkb1,Cflar,+,1.0,1.0,2.0,TRRUST_v2_mouse,Activation,19343319
Rela,Cflar,+,1.0,1.0,2.0,TRRUST_v2_mouse,Activation,19343319
Cebpa,Cflar,+,1.0,1.0,2.0,TRRUST_v2_mouse,Activation,18987666
Trp53,Chek1,-,1.0,1.0,2.0,TRRUST_v2_mouse,Repression,11599922
Ppara,Cidea,+,1.0,1.0,2.0,TRRUST_v2_mouse,Activation,17462989
Pparg,Cidea,+,1.0,1.0,2.0,TRRUST_v2_mouse,Activation,17462989
Srebf1,Cidea,+,1.0,1.0,2.0,TRRUST_v2_mouse,Activation,20542418;20575761;22278400
Stat1,Ciita,+,1.0,1.0,2.0,TRRUST_v2_mouse,Activation,11464288;9491997
Irf1,Ciita,+,1.0,1.0,2.0,TRRUST_v2_mouse,Activation,11464288;14530341
Usf1,Ciita,+,1.0,1.0,2.0,TRRUST_v2_mouse,Activation,9491997
Sp1,Cirbp,+,1.0,1.0,2.0,TRRUST_v2_mouse,Activation,23046908
Trp53,Ckap2,+,1.0,1.0,2.0,TRRUST_v2_mouse,Activation,16061649
Trp53,Ckm,+,1.0,1.0,2.0,TRRUST_v2_mouse,Activation,7488858;9690516
Tcf3,Ckm,+,1.0,1.0,2.0,TRRUST_v2_mouse,Activation,18211587
Myod1,Ckm,+,1.0,1.0,2.0,TRRUST_v2_mouse,Activation,18211587;8999959;9690516
Twist1,Ckm,-,1.0,1.0,2.0,TRRUST_v2_mouse,Repression,18211587;9168805
Mef2c,Ckm,-,1.0,1.0,2.0,TRRUST_v2_mouse,Repression,15040454
Sp1,Cldn19,+,1.0,1.0,2.0,TRRUST_v2_mouse,Activation,15589828
Smad3,Cldn3,-,1.0,1.0,2.0,TRRUST_v2_mouse,Repression,19597490
Smad4,Cldn3,-,1.0,1.0,2.0,TRRUST_v2_mouse,Repression,19597490
Snai1,Cldn3,-,1.0,1.0,2.0,TRRUST_v2_mouse,Repression,19597490
Srebf1,Clu,+,1.0,1.0,2.0,TRRUST_v2_mouse,Activation,21549685
Cebpb,Clu,+,1.0,1.0,2.0,TRRUST_v2_mouse,Activation,21464964
Cebpa,Clu,+,1.0,1.0,2.0,TRRUST_v2_mouse,Activation,21464964
Nfkb1,Col1a1,-,1.0,1.0,2.0,TRRUST_v2_mouse,Repression,10541434
Rela,Col1a1,-,1.0,1.0,2.0,TRRUST_v2_mouse,Repression,10541434
Stat3,Col1a1,+,1.0,1.0,2.0,TRRUST_v2_mouse,Activation,22684844
Runx2,Col1a1,+,1.0,1.0,2.0,TRRUST_v2_mouse,Activation,23159876;26208651
Yy1,Col1a1,+,1.0,1.0,2.0,TRRUST_v2_mouse,Activation,11514536
Sp1,Col1a2,+,1.0,1.0,2.0,TRRUST_v2_mouse,Activation,9143363
Runx2,Col1a2,+,1.0,1.0,2.0,TRRUST_v2_mouse,Activation,26208651
Smad3,Col1a2,+,1.0,1.0,2.0,TRRUST_v2_mouse,Activation,16126788;20595680;22048127
Ep300,Col1a2,-,1.0,1.0,2.0,TRRUST_v2_mouse,Repression,14520013
Sp1,Col2a1,+,1.0,1.0,2.0,TRRUST_v2_mouse,Activation,11447232
Trp53,Col2a1,+,1.0,1.0,2.0,TRRUST_v2_mouse,Activation,24192518
Sp3,Col2a1,-,1.0,1.0,2.0,TRRUST_v2_mouse,Repression,11447232
Runx2,Col2a1,+,1.0,1.0,2.0,TRRUST_v2_mouse,Activation,16029574
Smad3,Col2a1,+,1.0,1.0,2.0,TRRUST_v2_mouse,Activation,19828133
Sp1,Col5a1,+,1.0,1.0,2.0,TRRUST_v2_mouse,Activation,20888414
Sp1,Cops5,+,1.0,1.0,2.0,TRRUST_v2_mouse,Activation,18593980
Pparg,Cops5,-,1.0,1.0,2.0,TRRUST_v2_mouse,Repression,18593980
Sp1,Cox17,+,1.0,1.0,2.0,TRRUST_v2_mouse,Activation,11997103
Nfe2l2,Cox17,+,1.0,1.0,2.0,TRRUST_v2_mouse,Activation,11997103
Nrf1,Cox17,+,1.0,1.0,2.0,TRRUST_v2_mouse,Activation,11997103
Sp1,Cox4i1,-,1.0,1.0,2.0,TRRUST_v2_mouse,Repression,1331086
Nrf1,Cox4i1,+,1.0,1.0,2.0,TRRUST_v2_mouse,Activation,19144849
Egr1,Crebbp,+,1.0,1.0,2.0,TRRUST_v2_mouse,Activation,15225550
Hif1a,Crebbp,+,1.0,1.0,2.0,TRRUST_v2_mouse,Activation,20948541
Jun,Crh,-,1.0,1.0,2.0,TRRUST_v2_mouse,Repression,10517666
Fos,Crh,-,1.0,1.0,2.0,TRRUST_v2_mouse,Repression,10517666
Ep300,Cryab,+,1.0,1.0,2.0,TRRUST_v2_mouse,Activation,11943779
Pax6,Cryab,+,1.0,1.0,2.0,TRRUST_v2_mouse,Activation,15522290;9651402;12812528;15020706
Crebbp,Cryab,+,1.0,1.0,2.0,TRRUST_v2_mouse,Activation,11943779
Sp1,Csf1,+,1.0,1.0,2.0,TRRUST_v2_mouse,Activation,8407965
Nfkb1,Csf1,+,1.0,1.0,2.0,TRRUST_v2_mouse,Activation,10919279;18566389
Rela,Csf1,+,1.0,1.0,2.0,TRRUST_v2_mouse,Activation,18566389
Sp3,Csf1,+,1.0,1.0,2.0,TRRUST_v2_mouse,Activation,8407965
Pparg,Csf1,-,1.0,1.0,2.0,TRRUST_v2_mouse,Repression,18566389
Sp1,Csf1r,+,1.0,1.0,2.0,TRRUST_v2_mouse,Activation,9506963
Jun,Csf1r,+,1.0,1.0,2.0,TRRUST_v2_mouse,Activation,9988737
Ets1,Csf1r,+,1.0,1.0,2.0,TRRUST_v2_mouse,Activation,7964503
Spi1,Csf1r,+,1.0,1.0,2.0,TRRUST_v2_mouse,Activation,16455978;7964503;19339695
Cebpb,Csf1r,-,1.0,1.0,2.0,TRRUST_v2_mouse,Repression,11866474
Sp1,Csf2,+,1.0,1.0,2.0,TRRUST_v2_mouse,Activation,11418664
Nfkb1,Csf2,+,1.0,1.0,2.0,TRRUST_v2_mouse,Activation,11418664
Ets1,Csf3r,+,1.0,1.0,2.0,TRRUST_v2_mouse,Activation,7964503
Ets2,Csf3r,+,1.0,1.0,2.0,TRRUST_v2_mouse,Activation,7964503
Sp1,Csrp2,+,1.0,1.0,2.0,TRRUST_v2_mouse,Activation,9553112
Ets1,Ctgf,+,1.0,1.0,2.0,TRRUST_v2_mouse,Activation,16469114
Smad3,Ctgf,+,1.0,1.0,2.0,TRRUST_v2_mouse,Activation,16469114
Sox9,Ctgf,-,1.0,1.0,2.0,TRRUST_v2_mouse,Repression,20571031
Hif1a,Ctgf,+,1.0,1.0,2.0,TRRUST_v2_mouse,Activation,15315937
Sox9,Ctnnb1,-,1.0,1.0,2.0,TRRUST_v2_mouse,Repression,15132997
Snai1,Ctnnb1,-,1.0,1.0,2.0,TRRUST_v2_mouse,Repression,15790452
Lef1,Ctnnb1,+,1.0,1.0,2.0,TRRUST_v2_mouse,Activation,11986304;19650108
Notch1,Ctnnb1,-,1.0,1.0,2.0,TRRUST_v2_mouse,Repression,20068187
Sp1,Ctse,+,1.0,1.0,2.0,TRRUST_v2_mouse,Activation,22134960
Smad3,Cxadr,-,1.0,1.0,2.0,TRRUST_v2_mouse,Repression,19597490
Smad4,Cxadr,-,1.0,1.0,2.0,TRRUST_v2_mouse,Repression,19597490
Snai1,Cxadr,-,1.0,1.0,2.0,TRRUST_v2_mouse,Repression,19597490
Nfkb1,Cxcl1,+,1.0,1.0,2.0,TRRUST_v2_mouse,Activation,11745457;16000401;16825293
Rela,Cxcl10,+,1.0,1.0,2.0,TRRUST_v2_mouse,Activation,19929594
Irf1,Cxcl10,+,1.0,1.0,2.0,TRRUST_v2_mouse,Activation,19929594
Stat3,Cxcl11,+,1.0,1.0,2.0,TRRUST_v2_mouse,Activation,17202361
Irf1,Cxcl11,+,1.0,1.0,2.0,TRRUST_v2_mouse,Activation,17202361
Nfkb1,Cxcl2,+,1.0,1.0,2.0,TRRUST_v2_mouse,Activation,14597166;15132979;15666090;15845480
Jun,Cxcl2,+,1.0,1.0,2.0,TRRUST_v2_mouse,Activation,12914794;14597166;15666090
Egr1,Cxcl2,+,1.0,1.0,2.0,TRRUST_v2_mouse,Activation,12468449
Trp53,Cxcr2,+,1.0,1.0,2.0,TRRUST_v2_mouse,Activation,23869868
Sp1,Cyp11a1,+,1.0,1.0,2.0,TRRUST_v2_mouse,Activation,10459866;9013760;20371701
Jun,Cyp11a1,+,1.0,1.0,2.0,TRRUST_v2_mouse,Activation,17218410
Crebbp,Cyp11a1,+,1.0,1.0,2.0,TRRUST_v2_mouse,Activation,12101186
Ctnnb1,Cyp19a1,+,1.0,1.0,2.0,TRRUST_v2_mouse,Activation,19176883
Runx2,Cyp19a1,+,1.0,1.0,2.0,TRRUST_v2_mouse,Activation,20231365
Ahr,Cyp19a1,+,1.0,1.0,2.0,TRRUST_v2_mouse,Activation,16260617
Usf1,Cyp1a1,-,1.0,1.0,2.0,TRRUST_v2_mouse,Repression,9388470
Ahr,Cyp1a1,+,1.0,1.0,2.0,TRRUST_v2_mouse,Activation,1317062;15313166;19474220;11248424;19470599;24639079
Nfe2l2,Cyp2a5,+,1.0,1.0,2.0,TRRUST_v2_mouse,Activation,17303623;20402460;20887713;22859313;22497566
Hnf1a,Cyp2a5,-,1.0,1.0,2.0,TRRUST_v2_mouse,Repression,14599559
Ctnnb1,Cyp2b10,+,1.0,1.0,2.0,TRRUST_v2_mouse,Activation,15471898
Hnf1a,Cyp2b10,-,1.0,1.0,2.0,TRRUST_v2_mouse,Repression,14599559
Ppara,Cyp7a1,+,1.0,1.0,2.0,TRRUST_v2_mouse,Activation,12117567;10777541
Hnf1a,Cyp7a1,-,1.0,1.0,2.0,TRRUST_v2_mouse,Repression,14599559
Nr0b2,Cyp7a1,-,1.0,1.0,2.0,TRRUST_v2_mouse,Repression,17145766;21963511;22034226;23038264
Srebf1,Cyp8b1,+,1.0,1.0,2.0,TRRUST_v2_mouse,Activation,15249218
Hnf1a,Cyp8b1,-,1.0,1.0,2.0,TRRUST_v2_mouse,Repression,14599559
Nr0b2,Cyp8b1,-,1.0,1.0,2.0,TRRUST_v2_mouse,Repression,22034226
Trp53,D7Ertd443e,+,1.0,1.0,2.0,TRRUST_v2_mouse,Activation,20843368
Smad3,Dapk1,+,1.0,1.0,2.0,TRRUST_v2_mouse,Activation,11740493
Smad4,Dapk1,+,1.0,1.0,2.0,TRRUST_v2_mouse,Activation,11740493
Nfkb1,Dcst1,+,1.0,1.0,2.0,TRRUST_v2_mouse,Activation,20515776
Rela,Dcst1,+,1.0,1.0,2.0,TRRUST_v2_mouse,Activation,20515776
Nfkb1,Dcst2,+,1.0,1.0,2.0,TRRUST_v2_mouse,Activation,20515776
Rela,Dcst2,+,1.0,1.0,2.0,TRRUST_v2_mouse,Activation,20515776
Trp53,Ddit4,+,1.0,1.0,2.0,TRRUST_v2_mouse,Activation,18445702;21896779
Myod1,Des,+,1.0,1.0,2.0,TRRUST_v2_mouse,Activation,8062833
Mef2c,Des,+,1.0,1.0,2.0,TRRUST_v2_mouse,Activation,8062833
Runx2,Dkk1,+,1.0,1.0,2.0,TRRUST_v2_mouse,Activation,16813524
Msx2,Dkk1,-,1.0,1.0,2.0,TRRUST_v2_mouse,Repression,18487199
Nanog,Dkk1,-,1.0,1.0,2.0,TRRUST_v2_mouse,Repression,25199832
E2f1,Dlx2,-,1.0,1.0,2.0,TRRUST_v2_mouse,Repression,22699903
Pitx2,Dlx2,+,1.0,1.0,2.0,TRRUST_v2_mouse,Activation,23349981;21504905
Msx2,Dlx2,-,1.0,1.0,2.0,TRRUST_v2_mouse,Repression,11763998
Mef2c,Dlx5,+,1.0,1.0,2.0,TRRUST_v2_mouse,Activation,17420000
Msx2,Dlx5,+,1.0,1.0,2.0,TRRUST_v2_mouse,Activation,15383550
Sp1,Dmd,+,1.0,1.0,2.0,TRRUST_v2_mouse,Activation,15550398;19943855
Sp3,Dmd,+,1.0,1.0,2.0,TRRUST_v2_mouse,Activation,15550398
Nfkb1,Dmp1,-,1.0,1.0,2.0,TRRUST_v2_mouse,Repression,17546045
Rela,Dmp1,-,1.0,1.0,2.0,TRRUST_v2_mouse,Repression,17546045;21062982
Sp1,Dnmt1,+,1.0,1.0,2.0,TRRUST_v2_mouse,Activation,12071960;23457487
Sp3,Dnmt1,+,1.0,1.0,2.0,TRRUST_v2_mouse,Activation,12071960
E2f1,Dnmt1,-,1.0,1.0,2.0,TRRUST_v2_mouse,Repression,12799438;15867357
Ep300,Dnmt1,+,1.0,1.0,2.0,TRRUST_v2_mouse,Activation,12071960
Nfkb1,Drd2,+,1.0,1.0,2.0,TRRUST_v2_mouse,Activation,17869311
Smad4,Dsg4,+,1.0,1.0,2.0,TRRUST_v2_mouse,Activation,18692037
Lef1,Dsg4,-,1.0,1.0,2.0,TRRUST_v2_mouse,Repression,19683850
Nfkb1,Dusp1,+,1.0,1.0,2.0,TRRUST_v2_mouse,Activation,18508759
Trp53,Dusp2,+,1.0,1.0,2.0,TRRUST_v2_mouse,Activation,12673251
Trp53,Dusp4,+,1.0,1.0,2.0,TRRUST_v2_mouse,Activation,16778175
Trp53,Dyrk1a,+,1.0,1.0,2.0,TRRUST_v2_mouse,Activation,24341977
Trp53,E2f1,-,1.0,1.0,2.0,TRRUST_v2_mouse,Repression,8557038
Ctnnb1,E2f1,-,1.0,1.0,2.0,TRRUST_v2_mouse,Repression,19900401
Sp1,Ecm1,+,1.0,1.0,2.0,TRRUST_v2_mouse,Activation,9931498
Trp53,Edil3,+,1.0,1.0,2.0,TRRUST_v2_mouse,Activation,24192518
Sp1,Egr1,+,1.0,1.0,2.0,TRRUST_v2_mouse,Activation,8349585
Stat3,Egr1,+,1.0,1.0,2.0,TRRUST_v2_mouse,Activation,25012664
E2f1,Egr1,+,1.0,1.0,2.0,TRRUST_v2_mouse,Activation,24619556
Foxo1,Egr1,-,1.0,1.0,2.0,TRRUST_v2_mouse,Repression,22865884
Pparg,Egr1,-,1.0,1.0,2.0,TRRUST_v2_mouse,Repression,12468449
Nfkb1,Egr2,+,1.0,1.0,2.0,TRRUST_v2_mouse,Activation,25553923
Trp53,Elf4,-,1.0,1.0,2.0,TRRUST_v2_mouse,Repression,20805247
Nfkb1,Epas1,+,1.0,1.0,2.0,TRRUST_v2_mouse,Activation,20495570
Rela,Epas1,+,1.0,1.0,2.0,TRRUST_v2_mouse,Activation,20495570
Ets1,Erg,+,1.0,1.0,2.0,TRRUST_v2_mouse,Activation,7731694
Ets2,Erg,+,1.0,1.0,2.0,TRRUST_v2_mouse,Activation,7731694
Gata3,Erg,+,1.0,1.0,2.0,TRRUST_v2_mouse,Activation,21536859
Twist1,Esr1,-,1.0,1.0,2.0,TRRUST_v2_mouse,Repression,22056872
Tcf3,Esrrb,-,1.0,1.0,2.0,TRRUST_v2_mouse,Repression,18483421
Nanog,Esrrb,+,1.0,1.0,2.0,TRRUST_v2_mouse,Activation,23040477
Nfkb1,Fas,+,1.0,1.0,2.0,TRRUST_v2_mouse,Activation,12707336;12813034;15601669;19628709;15619676;16631160;16940415
Trp53,Fas,+,1.0,1.0,2.0,TRRUST_v2_mouse,Activation,12118319;15865927
Rela,Fas,+,1.0,1.0,2.0,TRRUST_v2_mouse,Activation,19628709
Nfe2l2,Fas,+,1.0,1.0,2.0,TRRUST_v2_mouse,Activation,15086909
Srebf1,Fas,+,1.0,1.0,2.0,TRRUST_v2_mouse,Activation,10962028;11855808
Rela,Fasl,+,1.0,1.0,2.0,TRRUST_v2_mouse,Activation,15215233
Myc,Fasl,+,1.0,1.0,2.0,TRRUST_v2_mouse,Activation,12707336
Esr1,Fasl,+,1.0,1.0,2.0,TRRUST_v2_mouse,Activation,18418063
Srebf1,Fasn,+,1.0,1.0,2.0,TRRUST_v2_mouse,Activation,11855808;23137031;9421459;11790787;16891625;17197698;17456898;18281474;22279139
Usf1,Fasn,+,1.0,1.0,2.0,TRRUST_v2_mouse,Activation,9334210
Nfkb1,Fbp1,-,1.0,1.0,2.0,TRRUST_v2_mouse,Repression,19881551
Twist1,Fgf10,+,1.0,1.0,2.0,TRRUST_v2_mouse,Activation,22972545
Gata3,Fgf10,+,1.0,1.0,2.0,TRRUST_v2_mouse,Activation,23220102
Pax6,Fgf15,-,1.0,1.0,2.0,TRRUST_v2_mouse,Repression,22792072
Mitf,Fgf15,-,1.0,1.0,2.0,TRRUST_v2_mouse,Repression,22792072
Ets1,Fli1,+,1.0,1.0,2.0,TRRUST_v2_mouse,Activation,19829305
Ets2,Fli1,+,1.0,1.0,2.0,TRRUST_v2_mouse,Activation,19829305
Sp1,Fmr1,+,1.0,1.0,2.0,TRRUST_v2_mouse,Activation,25015265
Usf1,Fmr1,+,1.0,1.0,2.0,TRRUST_v2_mouse,Activation,11058604;18782566
Nrf1,Fmr1,+,1.0,1.0,2.0,TRRUST_v2_mouse,Activation,11058604;18782566
Rela,Fn1,+,1.0,1.0,2.0,TRRUST_v2_mouse,Activation,22223884
Smad3,Fn1,+,1.0,1.0,2.0,TRRUST_v2_mouse,Activation,12207925
Nfkb1,Fos,+,1.0,1.0,2.0,TRRUST_v2_mouse,Activation,19026727
Trp53,Fos,-,1.0,1.0,2.0,TRRUST_v2_mouse,Repression,8604347;10214938;9696032
Jun,Fos,-,1.0,1.0,2.0,TRRUST_v2_mouse,Repression,10208434;1482049;2124241;8016110
Stat3,Fos,+,1.0,1.0,2.0,TRRUST_v2_mouse,Activation,14737107;16293640;8071311
Nfe2l2,Fos,-,1.0,1.0,2.0,TRRUST_v2_mouse,Repression,24521946
Ctnnb1,Foxa2,-,1.0,1.0,2.0,TRRUST_v2_mouse,Repression,16040629
Hnf4a,Foxa2,-,1.0,1.0,2.0,TRRUST_v2_mouse,Repression,15155787
Trp53,Foxm1,-,1.0,1.0,2.0,TRRUST_v2_mouse,Repression,21518729;25482129
Tcf3,Foxo1,+,1.0,1.0,2.0,TRRUST_v2_mouse,Activation,21972416
Trp53,Foxo3,+,1.0,1.0,2.0,TRRUST_v2_mouse,Activation,10051583;20564353
Trp53,Foxp3,+,1.0,1.0,2.0,TRRUST_v2_mouse,Activation,24006461
Smad3,Foxp3,+,1.0,1.0,2.0,TRRUST_v2_mouse,Activation,18157133
Rel,Foxp3,+,1.0,1.0,2.0,TRRUST_v2_mouse,Activation,21371435
Irf1,Foxp3,-,1.0,1.0,2.0,TRRUST_v2_mouse,Repression,18641303
Crebbp,Foxp3,+,1.0,1.0,2.0,TRRUST_v2_mouse,Activation,25154413
Foxo1,Fshb,-,1.0,1.0,2.0,TRRUST_v2_mouse,Repression,24065703
Smad4,Fshb,+,1.0,1.0,2.0,TRRUST_v2_mouse,Activation,24739304
Nfkb1,Fth1,+,1.0,1.0,2.0,TRRUST_v2_mouse,Activation,19258503
Rela,Fth1,+,1.0,1.0,2.0,TRRUST_v2_mouse,Activation,19258503
Crebbp,Fth1,-,1.0,1.0,2.0,TRRUST_v2_mouse,Repression,10066817
Foxa2,G6pc,-,1.0,1.0,2.0,TRRUST_v2_mouse,Repression,18847435
Hnf4a,G6pc,+,1.0,1.0,2.0,TRRUST_v2_mouse,Activation,18805788;12416993;20421289
Trp53,Gabre,-,1.0,1.0,2.0,TRRUST_v2_mouse,Repression,23474441
Rela,Gabre,-,1.0,1.0,2.0,TRRUST_v2_mouse,Repression,23474441
Trp53,Gadd45a,+,1.0,1.0,2.0,TRRUST_v2_mouse,Activation,10566557;18445702;17599061
Nfkb1,Gadd45b,+,1.0,1.0,2.0,TRRUST_v2_mouse,Activation,18576389
Jun,Gast,+,1.0,1.0,2.0,TRRUST_v2_mouse,Activation,16139800
Ctnnb1,Gast,+,1.0,1.0,2.0,TRRUST_v2_mouse,Activation,15292219;16139800
Smad3,Gast,+,1.0,1.0,2.0,TRRUST_v2_mouse,Activation,15292219;16139800
Smad4,Gast,+,1.0,1.0,2.0,TRRUST_v2_mouse,Activation,15292219;16139800
Pitx2,Gata4,+,1.0,1.0,2.0,TRRUST_v2_mouse,Activation,21389672
Ahr,Gata4,-,1.0,1.0,2.0,TRRUST_v2_mouse,Repression,22684894
Pou5f1,Gata6,-,1.0,1.0,2.0,TRRUST_v2_mouse,Repression,14990861
Nanog,Gata6,-,1.0,1.0,2.0,TRRUST_v2_mouse,Repression,17615266
Stat1,Gbp2,+,1.0,1.0,2.0,TRRUST_v2_mouse,Activation,17293456
Irf1,Gbp2,+,1.0,1.0,2.0,TRRUST_v2_mouse,Activation,17293456
Foxo1,Gck,-,1.0,1.0,2.0,TRRUST_v2_mouse,Repression,18805788
Hnf4a,Gck,+,1.0,1.0,2.0,TRRUST_v2_mouse,Activation,18805788
Jun,Gclc,+,1.0,1.0,2.0,TRRUST_v2_mouse,Activation,9175757
Nfe2l2,Gclc,+,1.0,1.0,2.0,TRRUST_v2_mouse,Activation,18445702
Nfkb1,Gclm,-,1.0,1.0,2.0,TRRUST_v2_mouse,Repression,20159942
Trp53,Gdf15,+,1.0,1.0,2.0,TRRUST_v2_mouse,Activation,12082608;15897808;16154591;18445702
Stat3,Gfi1,-,1.0,1.0,2.0,TRRUST_v2_mouse,Repression,22406269
Stat1,Gfi1,+,1.0,1.0,2.0,TRRUST_v2_mouse,Activation,19505891
Jun,Gnrh1,+,1.0,1.0,2.0,TRRUST_v2_mouse,Activation,9795199
Fos,Gnrh1,-,1.0,1.0,2.0,TRRUST_v2_mouse,Repression,9795199
Sp1,Gpc4,+,1.0,1.0,2.0,TRRUST_v2_mouse,Activation,15297147
Sp3,Gpc4,+,1.0,1.0,2.0,TRRUST_v2_mouse,Activation,15297147
Smad3,Gsc,-,1.0,1.0,2.0,TRRUST_v2_mouse,Repression,9702197
Smad4,Gsc,+,1.0,1.0,2.0,TRRUST_v2_mouse,Activation,9702197
Trp53,Gsk3b,+,1.0,1.0,2.0,TRRUST_v2_mouse,Activation,24341977
Ppara,Gsk3b,+,1.0,1.0,2.0,TRRUST_v2_mouse,Activation,15716483
Nfe2l2,Gsta1,+,1.0,1.0,2.0,TRRUST_v2_mouse,Activation,19474220
Ahr,Gsta1,+,1.0,1.0,2.0,TRRUST_v2_mouse,Activation,19474220
Nfe2l2,Gsta2,+,1.0,1.0,2.0,TRRUST_v2_mouse,Activation,15870285
Cebpb,Gsta2,+,1.0,1.0,2.0,TRRUST_v2_mouse,Activation,15870285
Sp1,Gstk1,-,1.0,1.0,2.0,TRRUST_v2_mouse,Repression,25024375
Trp53,Gtse1,+,1.0,1.0,2.0,TRRUST_v2_mouse,Activation,9724637
Ppara,Gys2,+,1.0,1.0,2.0,TRRUST_v2_mouse,Activation,17437057
Pparg,Gys2,+,1.0,1.0,2.0,TRRUST_v2_mouse,Activation,17437057
Smad3,H19,+,1.0,1.0,2.0,TRRUST_v2_mouse,Activation,20427289
Smad4,H19,+,1.0,1.0,2.0,TRRUST_v2_mouse,Activation,20427289
Esr1,H19,+,1.0,1.0,2.0,TRRUST_v2_mouse,Activation,10442637
Trp53,Hdgf,+,1.0,1.0,2.0,TRRUST_v2_mouse,Activation,16987236
Nfkb1,Hes1,-,1.0,1.0,2.0,TRRUST_v2_mouse,Repression,20515776
Runx2,Hes1,-,1.0,1.0,2.0,TRRUST_v2_mouse,Repression,20740684
Notch1,Hey1,+,1.0,1.0,2.0,TRRUST_v2_mouse,Activation,11741889
Hif1a,Hey1,+,1.0,1.0,2.0,TRRUST_v2_mouse,Activation,17045587
Sp1,Hgf,+,1.0,1.0,2.0,TRRUST_v2_mouse,Activation,9223667
Trp53,Hgf,+,1.0,1.0,2.0,TRRUST_v2_mouse,Activation,9023107
Rela,Hgf,-,1.0,1.0,2.0,TRRUST_v2_mouse,Repression,24569592
Stat3,Hgf,+,1.0,1.0,2.0,TRRUST_v2_mouse,Activation,17967179;16407846
Sp3,Hgf,+,1.0,1.0,2.0,TRRUST_v2_mouse,Activation,9223667
Smad4,Hhex,+,1.0,1.0,2.0,TRRUST_v2_mouse,Activation,12270938
Smad1,Hhex,+,1.0,1.0,2.0,TRRUST_v2_mouse,Activation,12270938
Stat3,Hif1a,+,1.0,1.0,2.0,TRRUST_v2_mouse,Activation,16007214;17557905;18644974
Sp1,Hinfp,+,1.0,1.0,2.0,TRRUST_v2_mouse,Activation,17826007
E2f1,Hinfp,-,1.0,1.0,2.0,TRRUST_v2_mouse,Repression,17826007
Ep300,Hinfp,+,1.0,1.0,2.0,TRRUST_v2_mouse,Activation,17826007
Crebbp,Hinfp,+,1.0,1.0,2.0,TRRUST_v2_mouse,Activation,17826007
Trp53,Hipk2,+,1.0,1.0,2.0,TRRUST_v2_mouse,Activation,11740489
Sp1,Hmga2,+,1.0,1.0,2.0,TRRUST_v2_mouse,Activation,12799440;11802722
Sp3,Hmga2,+,1.0,1.0,2.0,TRRUST_v2_mouse,Activation,12799440;11802722
Hnf4a,Hmga2,+,1.0,1.0,2.0,TRRUST_v2_mouse,Activation,23523371
Trp53,Hmox1,+,1.0,1.0,2.0,TRRUST_v2_mouse,Activation,21552291;22670665
Jun,Hmox1,+,1.0,1.0,2.0,TRRUST_v2_mouse,Activation,10893216
Ets1,Hmox1,+,1.0,1.0,2.0,TRRUST_v2_mouse,Activation,15590657
Nfe2l2,Hmox1,+,1.0,1.0,2.0,TRRUST_v2_mouse,Activation,12441344;14752028;19454702;20074672;20402460;22226832;23036869;23045680;23209658;23566812;23933405;24219867;12006176;16181113;17535857;19056485;19227148;19674192;21216973;21367956;22312014;22564506;22670665;23395777;24337631;24474616
Pparg,Hmox1,+,1.0,1.0,2.0,TRRUST_v2_mouse,Activation,12006176
Snai1,Hnf4a,-,1.0,1.0,2.0,TRRUST_v2_mouse,Repression,16826572
Trp53,Hras,+,1.0,1.0,2.0,TRRUST_v2_mouse,Activation,11127813
Sp1,Hrasls5,+,1.0,1.0,2.0,TRRUST_v2_mouse,Activation,12054540
Sp3,Hrasls5,+,1.0,1.0,2.0,TRRUST_v2_mouse,Activation,12054540
Rela,Hsd11b2,+,1.0,1.0,2.0,TRRUST_v2_mouse,Activation,15659537
Egr1,Hsd11b2,-,1.0,1.0,2.0,TRRUST_v2_mouse,Repression,15659537
Trp53,Hspa1b,+,1.0,1.0,2.0,TRRUST_v2_mouse,Activation,17251428
Yy1,Hspa5,+,1.0,1.0,2.0,TRRUST_v2_mouse,Activation,15899857;16452489
Gata4,Hspa5,+,1.0,1.0,2.0,TRRUST_v2_mouse,Activation,16452489
Sp1,Icam1,+,1.0,1.0,2.0,TRRUST_v2_mouse,Activation,11788788
Jun,Icam1,+,1.0,1.0,2.0,TRRUST_v2_mouse,Activation,11788788
Egr1,Icam1,+,1.0,1.0,2.0,TRRUST_v2_mouse,Activation,8666932
Tcf3,Id1,+,1.0,1.0,2.0,TRRUST_v2_mouse,Activation,17490644
Snai1,Id1,+,1.0,1.0,2.0,TRRUST_v2_mouse,Activation,17490644
Egr1,Id3,+,1.0,1.0,2.0,TRRUST_v2_mouse,Activation,17878368
Smad4,Id3,+,1.0,1.0,2.0,TRRUST_v2_mouse,Activation,18477564
Smad1,Id3,+,1.0,1.0,2.0,TRRUST_v2_mouse,Activation,18477564
Trp53,Ifi202b,-,1.0,1.0,2.0,TRRUST_v2_mouse,Repression,11013253
Smad4,Ifi204,+,1.0,1.0,2.0,TRRUST_v2_mouse,Activation,15557274
Myod1,Ifi204,+,1.0,1.0,2.0,TRRUST_v2_mouse,Activation,10958697
Gata4,Ifi204,+,1.0,1.0,2.0,TRRUST_v2_mouse,Activation,16556596
Smad1,Ifi204,+,1.0,1.0,2.0,TRRUST_v2_mouse,Activation,15557274
Sp1,Ifitm5,+,1.0,1.0,2.0,TRRUST_v2_mouse,Activation,23530031
Sp3,Ifitm5,+,1.0,1.0,2.0,TRRUST_v2_mouse,Activation,23530031
Rela,Ifnb1,-,1.0,1.0,2.0,TRRUST_v2_mouse,Repression,9446577
Stat1,Ifnb1,+,1.0,1.0,2.0,TRRUST_v2_mouse,Activation,18322222
Jun,Ifne,+,1.0,1.0,2.0,TRRUST_v2_mouse,Activation,15217985
Fos,Ifne,+,1.0,1.0,2.0,TRRUST_v2_mouse,Activation,15217985
Ets2,Ifne,+,1.0,1.0,2.0,TRRUST_v2_mouse,Activation,15217985
Rela,Ifng,+,1.0,1.0,2.0,TRRUST_v2_mouse,Activation,12842891
Jun,Ifng,+,1.0,1.0,2.0,TRRUST_v2_mouse,Activation,8982782;12594853;14734615;11801649
Pparg,Ifng,-,1.0,1.0,2.0,TRRUST_v2_mouse,Repression,15187132
Rel,Ifng,-,1.0,1.0,2.0,TRRUST_v2_mouse,Repression,17012234
Gata3,Ifng,-,1.0,1.0,2.0,TRRUST_v2_mouse,Repression,17717199
Spi1,Igh,+,1.0,1.0,2.0,TRRUST_v2_mouse,Activation,14993928
Myod1,Igh,-,1.0,1.0,2.0,TRRUST_v2_mouse,Repression,7958889
Ets1,Ighm,+,1.0,1.0,2.0,TRRUST_v2_mouse,Activation,8754855
Spi1,Ighm,+,1.0,1.0,2.0,TRRUST_v2_mouse,Activation,10435575;8754855
Nfkb1,Igk,+,1.0,1.0,2.0,TRRUST_v2_mouse,Activation,19710460;9738466
Rela,Igk,+,1.0,1.0,2.0,TRRUST_v2_mouse,Activation,19710460
Tcf3,Igk,+,1.0,1.0,2.0,TRRUST_v2_mouse,Activation,1714414;12415115;22544934;9671474
Rel,Igk,+,1.0,1.0,2.0,TRRUST_v2_mouse,Activation,19710460
Ctnnb1,Ihh,-,1.0,1.0,2.0,TRRUST_v2_mouse,Repression,16818445
Runx2,Ihh,+,1.0,1.0,2.0,TRRUST_v2_mouse,Activation,15183720;15107406
Msx2,Ihh,+,1.0,1.0,2.0,TRRUST_v2_mouse,Activation,18682398
Nfkb1,Ikbkb,+,1.0,1.0,2.0,TRRUST_v2_mouse,Activation,19433583
Ets1,Ikzf1,+,1.0,1.0,2.0,TRRUST_v2_mouse,Activation,25301737
Foxo1,Ikzf1,+,1.0,1.0,2.0,TRRUST_v2_mouse,Activation,22291095
Nfkb1,Il1,+,1.0,1.0,2.0,TRRUST_v2_mouse,Activation,18166486
Sp1,Il10,+,1.0,1.0,2.0,TRRUST_v2_mouse,Activation,10861063;10861064
Sp3,Il10,+,1.0,1.0,2.0,TRRUST_v2_mouse,Activation,10861063;10861064
Ets1,Il10,-,1.0,1.0,2.0,TRRUST_v2_mouse,Repression,22266280
Nfe2l2,Il10,+,1.0,1.0,2.0,TRRUST_v2_mouse,Activation,21454555
Smad4,Il10,+,1.0,1.0,2.0,TRRUST_v2_mouse,Activation,14557415
Nfkb1,Il12a,+,1.0,1.0,2.0,TRRUST_v2_mouse,Activation,11602633;15871905
Stat3,Il12a,-,1.0,1.0,2.0,TRRUST_v2_mouse,Repression,19185846
Egr1,Il12a,+,1.0,1.0,2.0,TRRUST_v2_mouse,Activation,17117479
Rel,Il12a,+,1.0,1.0,2.0,TRRUST_v2_mouse,Activation,11602633;16166378;15871905
Irf1,Il12a,+,1.0,1.0,2.0,TRRUST_v2_mouse,Activation,14568984;15489234;16824573
Rela,Il12b,+,1.0,1.0,2.0,TRRUST_v2_mouse,Activation,7565674;11058167;15251981;19624579
Jun,Il12b,+,1.0,1.0,2.0,TRRUST_v2_mouse,Activation,16893987;19893639
Rel,Il12b,+,1.0,1.0,2.0,TRRUST_v2_mouse,Activation,16166378;17291992;18523276;7565674;11058167;15251981
Cebpa,Il12b,+,1.0,1.0,2.0,TRRUST_v2_mouse,Activation,10940886
Foxa2,Il13,-,1.0,1.0,2.0,TRRUST_v2_mouse,Repression,20483781
Lef1,Il13,-,1.0,1.0,2.0,TRRUST_v2_mouse,Repression,18579517
Gata3,Il13,+,1.0,1.0,2.0,TRRUST_v2_mouse,Activation,17111354
Srebf1,Il17a,-,1.0,1.0,2.0,TRRUST_v2_mouse,Repression,21266768
Hnf1a,Il17a,-,1.0,1.0,2.0,TRRUST_v2_mouse,Repression,21935461
Ahr,Il17a,-,1.0,1.0,2.0,TRRUST_v2_mouse,Repression,21266768;21266776
Nfkb1,Il1a,+,1.0,1.0,2.0,TRRUST_v2_mouse,Activation,11454276
Nfkb1,Il1b,+,1.0,1.0,2.0,TRRUST_v2_mouse,Activation,10437651;11454276;14670622;16399630;16867259;24132147;19915568
Egr1,Il1b,+,1.0,1.0,2.0,TRRUST_v2_mouse,Activation,12468449
Spi1,Il1b,+,1.0,1.0,2.0,TRRUST_v2_mouse,Activation,22454293
Cebpb,Il1b,+,1.0,1.0,2.0,TRRUST_v2_mouse,Activation,14670622;16399630;16867259
Rel,Il1b,+,1.0,1.0,2.0,TRRUST_v2_mouse,Activation,10437651
Mef2c,Il1rn,+,1.0,1.0,2.0,TRRUST_v2_mouse,Activation,21454555
Nrf1,Il1rn,+,1.0,1.0,2.0,TRRUST_v2_mouse,Activation,21454555
Sp1,Il2,+,1.0,1.0,2.0,TRRUST_v2_mouse,Activation,10656874
Nfkb1,Il2,+,1.0,1.0,2.0,TRRUST_v2_mouse,Activation,15632058;16611855;15585831;16168555;7744006;8577772;9547358
Rela,Il2,+,1.0,1.0,2.0,TRRUST_v2_mouse,Activation,23578476;15585831;8577772
Jun,Il2,+,1.0,1.0,2.0,TRRUST_v2_mouse,Activation,8092900;16168555;1737937;2124241
Egr1,Il2,+,1.0,1.0,2.0,TRRUST_v2_mouse,Activation,10656874
Nfkb1,Il23a,-,1.0,1.0,2.0,TRRUST_v2_mouse,Repression,20228197;17182554;17982049;18375954
Rela,Il23a,+,1.0,1.0,2.0,TRRUST_v2_mouse,Activation,17982049;18375954;19624579
Stat3,Il23a,+,1.0,1.0,2.0,TRRUST_v2_mouse,Activation,19185846
Smad3,Il23a,-,1.0,1.0,2.0,TRRUST_v2_mouse,Repression,18802055
Rel,Il23a,+,1.0,1.0,2.0,TRRUST_v2_mouse,Activation,18523276;17182554;17982049;19624579
Jun,Il27,+,1.0,1.0,2.0,TRRUST_v2_mouse,Activation,21482740
Fos,Il27,+,1.0,1.0,2.0,TRRUST_v2_mouse,Activation,21482740
Irf1,Il27,+,1.0,1.0,2.0,TRRUST_v2_mouse,Activation,20083668;24214980;20435892
Nfkb1,Il2ra,+,1.0,1.0,2.0,TRRUST_v2_mouse,Activation,2497520;8029023;9115639
Nfkb1,Il4,+,1.0,1.0,2.0,TRRUST_v2_mouse,Activation,15938622;19915002
Jun,Il4,+,1.0,1.0,2.0,TRRUST_v2_mouse,Activation,12594266;18768853;9889198
Egr1,Il4,+,1.0,1.0,2.0,TRRUST_v2_mouse,Activation,19915002
Pparg,Il4,-,1.0,1.0,2.0,TRRUST_v2_mouse,Repression,14573767
Foxa2,Il4,-,1.0,1.0,2.0,TRRUST_v2_mouse,Repression,20483781
Ets1,Il5,+,1.0,1.0,2.0,TRRUST_v2_mouse,Activation,16373364
Lef1,Il5,-,1.0,1.0,2.0,TRRUST_v2_mouse,Repression,18579517
Gata3,Il5,+,1.0,1.0,2.0,TRRUST_v2_mouse,Activation,16373364;17111354;17717199;25861992;16009272
Rela,Il6,+,1.0,1.0,2.0,TRRUST_v2_mouse,Activation,18996370;22661093;11564778;16166627;20351184
Jun,Il6,+,1.0,1.0,2.0,TRRUST_v2_mouse,Activation,15649404;18490655;20351184
Stat3,Il6,+,1.0,1.0,2.0,TRRUST_v2_mouse,Activation,11049111
Stat1,Il6,-,1.0,1.0,2.0,TRRUST_v2_mouse,Repression,19703987
Sirt1,Il6,-,1.0,1.0,2.0,TRRUST_v2_mouse,Repression,23262029
Ppara,Il6ra,-,1.0,1.0,2.0,TRRUST_v2_mouse,Repression,14764586
Twist1,Il6ra,-,1.0,1.0,2.0,TRRUST_v2_mouse,Repression,23935104
Ets1,Il7r,+,1.0,1.0,2.0,TRRUST_v2_mouse,Activation,21148801
Foxo1,Il7r,+,1.0,1.0,2.0,TRRUST_v2_mouse,Activation,19136962
Smad3,Il9,+,1.0,1.0,2.0,TRRUST_v2_mouse,Activation,23913959;22503540
Smad4,Il9,+,1.0,1.0,2.0,TRRUST_v2_mouse,Activation,24108699
Spi1,Il9,+,1.0,1.0,2.0,TRRUST_v2_mouse,Activation,22904310
Trp53,Insr,-,1.0,1.0,2.0,TRRUST_v2_mouse,Repression,8665514
Pparg,Insr,-,1.0,1.0,2.0,TRRUST_v2_mouse,Repression,18310298
Stat1,Irf1,+,1.0,1.0,2.0,TRRUST_v2_mouse,Activation,11870615
Ets1,Itga2b,+,1.0,1.0,2.0,TRRUST_v2_mouse,Activation,10210321
Spi1,Itga2b,+,1.0,1.0,2.0,TRRUST_v2_mouse,Activation,10210321
Sp1,Itga5,+,1.0,1.0,2.0,TRRUST_v2_mouse,Activation,21592318
Jun,Itga5,+,1.0,1.0,2.0,TRRUST_v2_mouse,Activation,21592318
Sp1,Itga6,+,1.0,1.0,2.0,TRRUST_v2_mouse,Activation,17652716
Sp3,Itga6,+,1.0,1.0,2.0,TRRUST_v2_mouse,Activation,17652716
Egr1,Itga7,+,1.0,1.0,2.0,TRRUST_v2_mouse,Activation,9254668
Myod1,Itga7,+,1.0,1.0,2.0,TRRUST_v2_mouse,Activation,16129691;8798472
Nfkb1,Itgam,+,1.0,1.0,2.0,TRRUST_v2_mouse,Activation,17722035
Sp1,Jak3,+,1.0,1.0,2.0,TRRUST_v2_mouse,Activation,16518416
Stat3,Jak3,+,1.0,1.0,2.0,TRRUST_v2_mouse,Activation,14976041;16518416
Sp1,Jund,+,1.0,1.0,2.0,TRRUST_v2_mouse,Activation,1714380
Egr1,Jund,+,1.0,1.0,2.0,TRRUST_v2_mouse,Activation,1714380
Nfkb1,Kcnip2,+,1.0,1.0,2.0,TRRUST_v2_mouse,Activation,23573265
Sp1,Kdm5a,+,1.0,1.0,2.0,TRRUST_v2_mouse,Activation,25015565
Sp1,Klf16,+,1.0,1.0,2.0,TRRUST_v2_mouse,Activation,18472212
Trp53,Klf2,-,1.0,1.0,2.0,TRRUST_v2_mouse,Repression,23202365
Pou5f1,Klf2,+,1.0,1.0,2.0,TRRUST_v2_mouse,Activation,19951688
Trp53,Klf4,+,1.0,1.0,2.0,TRRUST_v2_mouse,Activation,10749849
Stat3,Klf4,+,1.0,1.0,2.0,TRRUST_v2_mouse,Activation,19951688
Jun,Krt18,+,1.0,1.0,2.0,TRRUST_v2_mouse,Activation,1696235
Fos,Krt18,+,1.0,1.0,2.0,TRRUST_v2_mouse,Activation,1696235
Trp53,Krt19,+,1.0,1.0,2.0,TRRUST_v2_mouse,Activation,11146550
Sp1,Krt5,+,1.0,1.0,2.0,TRRUST_v2_mouse,Activation,12024040
Sp1,Lama1,+,1.0,1.0,2.0,TRRUST_v2_mouse,Activation,12519763;15220343
Sp3,Lama1,+,1.0,1.0,2.0,TRRUST_v2_mouse,Activation,12519763;15220343
Yy1,Lama1,+,1.0,1.0,2.0,TRRUST_v2_mouse,Activation,15220343
Nfkb1,Lcn2,+,1.0,1.0,2.0,TRRUST_v2_mouse,Activation,16322095
Nfkb1,Lef1,+,1.0,1.0,2.0,TRRUST_v2_mouse,Activation,17445771
Ctnnb1,Lef1,+,1.0,1.0,2.0,TRRUST_v2_mouse,Activation,12095232
Tcf3,Lef1,-,1.0,1.0,2.0,TRRUST_v2_mouse,Repression,22573616
Pitx2,Lef1,+,1.0,1.0,2.0,TRRUST_v2_mouse,Activation,17785445;20816801
Sox2,Lef1,-,1.0,1.0,2.0,TRRUST_v2_mouse,Repression,24487391
Pou5f1,Lefty1,+,1.0,1.0,2.0,TRRUST_v2_mouse,Activation,16954384
Sox2,Lefty1,+,1.0,1.0,2.0,TRRUST_v2_mouse,Activation,16954384
Sp1,Lgals1,+,1.0,1.0,2.0,TRRUST_v2_mouse,Activation,10760565;9931450
Snai1,Lin28a,+,1.0,1.0,2.0,TRRUST_v2_mouse,Activation,25240402
Nanog,Lin28a,+,1.0,1.0,2.0,TRRUST_v2_mouse,Activation,25240402
Sp1,Lipe,+,1.0,1.0,2.0,TRRUST_v2_mouse,Activation,11812735
Sp3,Lipe,+,1.0,1.0,2.0,TRRUST_v2_mouse,Activation,11812735
Srebf1,Lipe,+,1.0,1.0,2.0,TRRUST_v2_mouse,Activation,16234270
Usf1,Lipe,+,1.0,1.0,2.0,TRRUST_v2_mouse,Activation,11812735
Sp1,Lor,-,1.0,1.0,2.0,TRRUST_v2_mouse,Repression,23341029
Jun,Lor,-,1.0,1.0,2.0,TRRUST_v2_mouse,Repression,23341029
Foxo1,Lpl,+,1.0,1.0,2.0,TRRUST_v2_mouse,Activation,12586369
Ppara,Lpl,+,1.0,1.0,2.0,TRRUST_v2_mouse,Activation,10634806
Nfkb1,Ltc4s,-,1.0,1.0,2.0,TRRUST_v2_mouse,Repression,16980379
Rela,Ltc4s,-,1.0,1.0,2.0,TRRUST_v2_mouse,Repression,16980379
Sp1,Ltf,-,1.0,1.0,2.0,TRRUST_v2_mouse,Repression,15265983
Trp53,Ltf,-,1.0,1.0,2.0,TRRUST_v2_mouse,Repression,15265983
Esr1,Ltf,+,1.0,1.0,2.0,TRRUST_v2_mouse,Activation,15525592
Jun,Maf,+,1.0,1.0,2.0,TRRUST_v2_mouse,Activation,14521912
Stat3,Maf,+,1.0,1.0,2.0,TRRUST_v2_mouse,Activation,15728480
Pparg,Maf,-,1.0,1.0,2.0,TRRUST_v2_mouse,Repression,14521912
Pax6,Maf,+,1.0,1.0,2.0,TRRUST_v2_mouse,Activation,14521912
Myod1,Maf,+,1.0,1.0,2.0,TRRUST_v2_mouse,Activation,14521912
Trp53,Mapk1,+,1.0,1.0,2.0,TRRUST_v2_mouse,Activation,18310282
Esr2,Mapk1,-,1.0,1.0,2.0,TRRUST_v2_mouse,Repression,19211725
Nfkb1,Mapk14,+,1.0,1.0,2.0,TRRUST_v2_mouse,Activation,19273233
Egr1,Mapk14,+,1.0,1.0,2.0,TRRUST_v2_mouse,Activation,9671412
Irf1,Mapk14,+,1.0,1.0,2.0,TRRUST_v2_mouse,Activation,12232043
Egr1,Mapk8,+,1.0,1.0,2.0,TRRUST_v2_mouse,Activation,9671412
Esr2,Mapk8,-,1.0,1.0,2.0,TRRUST_v2_mouse,Repression,19211725
Trp53,Mcm7,-,1.0,1.0,2.0,TRRUST_v2_mouse,Repression,15899946
Trp53,Mcts1,-,1.0,1.0,2.0,TRRUST_v2_mouse,Repression,21138557
Nfe2l2,Mdm2,+,1.0,1.0,2.0,TRRUST_v2_mouse,Activation,21211512
Stat1,Mdm2,-,1.0,1.0,2.0,TRRUST_v2_mouse,Repression,14602726
Ets2,Mdm2,+,1.0,1.0,2.0,TRRUST_v2_mouse,Activation,12750288
Pitx2,Mef2c,+,1.0,1.0,2.0,TRRUST_v2_mouse,Activation,21389672
Lef1,Mesp1,+,1.0,1.0,2.0,TRRUST_v2_mouse,Activation,23417899
Pou5f1,Mesp1,+,1.0,1.0,2.0,TRRUST_v2_mouse,Activation,23417899
Rela,Met,+,1.0,1.0,2.0,TRRUST_v2_mouse,Activation,19530226
Jun,Met,+,1.0,1.0,2.0,TRRUST_v2_mouse,Activation,10713700
Sp3,Met,-,1.0,1.0,2.0,TRRUST_v2_mouse,Repression,10713700;12473536
Egr1,Met,-,1.0,1.0,2.0,TRRUST_v2_mouse,Repression,12569082
Pax6,Met,+,1.0,1.0,2.0,TRRUST_v2_mouse,Activation,19651775
Sp1,Mfn2,+,1.0,1.0,2.0,TRRUST_v2_mouse,Activation,22253285
Sp1,Mgarp,+,1.0,1.0,2.0,TRRUST_v2_mouse,Activation,23209644
Trp53,Mgmt,-,1.0,1.0,2.0,TRRUST_v2_mouse,Repression,17564708
Sp1,Mgp,+,1.0,1.0,2.0,TRRUST_v2_mouse,Activation,19306294
Sp3,Mgp,-,1.0,1.0,2.0,TRRUST_v2_mouse,Repression,19306294
Runx2,Mgp,+,1.0,1.0,2.0,TRRUST_v2_mouse,Activation,19306294
Sp1,Mif,+,1.0,1.0,2.0,TRRUST_v2_mouse,Activation,19747950
Ets1,Mir126a,+,1.0,1.0,2.0,TRRUST_v2_mouse,Activation,20671229
Ets2,Mir126a,+,1.0,1.0,2.0,TRRUST_v2_mouse,Activation,20671229
Snai1,Mir290a,+,1.0,1.0,2.0,TRRUST_v2_mouse,Activation,25240402
Nanog,Mir290a,+,1.0,1.0,2.0,TRRUST_v2_mouse,Activation,25240402
Snai1,Mir295,+,1.0,1.0,2.0,TRRUST_v2_mouse,Activation,25240402
Nanog,Mir295,+,1.0,1.0,2.0,TRRUST_v2_mouse,Activation,25240402
Tcf3,Mir302a,-,1.0,1.0,2.0,TRRUST_v2_mouse,Repression,24040406
Pou5f1,Mir302a,+,1.0,1.0,2.0,TRRUST_v2_mouse,Activation,20857206;24040406
Smad3,Mir433,+,1.0,1.0,2.0,TRRUST_v2_mouse,Activation,23868013
Nr0b2,Mir433,-,1.0,1.0,2.0,TRRUST_v2_mouse,Repression,18776219
Ctnnb1,Mmp13,+,1.0,1.0,2.0,TRRUST_v2_mouse,Activation,17971297
Ets1,Mmp13,+,1.0,1.0,2.0,TRRUST_v2_mouse,Activation,9178763
Runx2,Mmp13,+,1.0,1.0,2.0,TRRUST_v2_mouse,Activation,25802132;19415460
Spi1,Mmp13,-,1.0,1.0,2.0,TRRUST_v2_mouse,Repression,9178763
Lef1,Mmp13,+,1.0,1.0,2.0,TRRUST_v2_mouse,Activation,17971297;19783677
Nfkb1,Mmp14,+,1.0,1.0,2.0,TRRUST_v2_mouse,Activation,21627988
Rela,Mmp14,+,1.0,1.0,2.0,TRRUST_v2_mouse,Activation,21627988
Egr1,Mmp14,+,1.0,1.0,2.0,TRRUST_v2_mouse,Activation,10428849
Stat3,Mmp2,+,1.0,1.0,2.0,TRRUST_v2_mouse,Activation,15116091
Snai1,Mmp2,+,1.0,1.0,2.0,TRRUST_v2_mouse,Activation,16826572
Jun,Mmp7,+,1.0,1.0,2.0,TRRUST_v2_mouse,Activation,11158322
Ctnnb1,Mmp7,+,1.0,1.0,2.0,TRRUST_v2_mouse,Activation,11158322;11943708;15817151;10362259
Lef1,Mmp7,+,1.0,1.0,2.0,TRRUST_v2_mouse,Activation,11158322
Sp1,Mmp9,+,1.0,1.0,2.0,TRRUST_v2_mouse,Activation,8226872
Nfkb1,Mmp9,+,1.0,1.0,2.0,TRRUST_v2_mouse,Activation,15757961;20332214;20515776;24825862;8226872;12387824;13679081;16780951;16816114;17244487;17828308;19631264;21316417;23161884
Rela,Mmp9,+,1.0,1.0,2.0,TRRUST_v2_mouse,Activation,20515776;21502320;23161884;24894401
Jun,Mmp9,+,1.0,1.0,2.0,TRRUST_v2_mouse,Activation,8226872;10022864;11114721;13679081;14565943;21940623;23720741
Egr1,Mmp9,+,1.0,1.0,2.0,TRRUST_v2_mouse,Activation,20332214
Sp1,Mrc1,-,1.0,1.0,2.0,TRRUST_v2_mouse,Repression,9354684
Spi1,Mrc1,-,1.0,1.0,2.0,TRRUST_v2_mouse,Repression,9354684
Nfkb1,Msx1,+,1.0,1.0,2.0,TRRUST_v2_mouse,Activation,11518509
Foxa2,Msx1,+,1.0,1.0,2.0,TRRUST_v2_mouse,Activation,22696295
Lef1,Msx2,+,1.0,1.0,2.0,TRRUST_v2_mouse,Activation,14551209
Yy1,Msx2,+,1.0,1.0,2.0,TRRUST_v2_mouse,Activation,11861914
Stat3,Mt1,+,1.0,1.0,2.0,TRRUST_v2_mouse,Activation,9854025
Nfe2l2,Mt1,+,1.0,1.0,2.0,TRRUST_v2_mouse,Activation,18445702
Ep300,Mt1,+,1.0,1.0,2.0,TRRUST_v2_mouse,Activation,21467744
Stat1,Mt1,+,1.0,1.0,2.0,TRRUST_v2_mouse,Activation,9854025
Usf1,Mt1,+,1.0,1.0,2.0,TRRUST_v2_mouse,Activation,9020035;11213479
Trp53,Mxi1,-,1.0,1.0,2.0,TRRUST_v2_mouse,Repression,21665145
Myc,Mxi1,-,1.0,1.0,2.0,TRRUST_v2_mouse,Repression,14716294
Sp1,Myb,+,1.0,1.0,2.0,TRRUST_v2_mouse,Activation,10567569;2481264
Nfkb1,Myb,+,1.0,1.0,2.0,TRRUST_v2_mouse,Activation,10602492;9362453
Ep300,Myb,+,1.0,1.0,2.0,TRRUST_v2_mouse,Activation,11585920
Sp1,Myc,-,1.0,1.0,2.0,TRRUST_v2_mouse,Repression,12153142
Rela,Myc,+,1.0,1.0,2.0,TRRUST_v2_mouse,Activation,8289784;12471115
Stat3,Myc,-,1.0,1.0,2.0,TRRUST_v2_mouse,Repression,20067773;15673569
Smad3,Myc,-,1.0,1.0,2.0,TRRUST_v2_mouse,Repression,14993291;15241418
Cebpb,Myc,-,1.0,1.0,2.0,TRRUST_v2_mouse,Repression,21098707
Ctnnb1,Mycn,+,1.0,1.0,2.0,TRRUST_v2_mouse,Activation,15907834
E2f1,Mycn,+,1.0,1.0,2.0,TRRUST_v2_mouse,Activation,16582100;16931907
Ctnnb1,Myf5,+,1.0,1.0,2.0,TRRUST_v2_mouse,Activation,16936075
Myod1,Myf5,-,1.0,1.0,2.0,TRRUST_v2_mouse,Repression,1330322
Pitx2,Myf5,+,1.0,1.0,2.0,TRRUST_v2_mouse,Activation,21035439
Sp1,Myh11,+,1.0,1.0,2.0,TRRUST_v2_mouse,Activation,8635248
Smad3,Myocd,-,1.0,1.0,2.0,TRRUST_v2_mouse,Repression,21402709
Msx2,Myocd,-,1.0,1.0,2.0,TRRUST_v2_mouse,Repression,17030628
Jun,Myod1,-,1.0,1.0,2.0,TRRUST_v2_mouse,Repression,19723510;8120060
Ep300,Myod1,+,1.0,1.0,2.0,TRRUST_v2_mouse,Activation,23928680;9029156
Pitx2,Myod1,+,1.0,1.0,2.0,TRRUST_v2_mouse,Activation,20978076;21035439
Pou5f1,Myod1,-,1.0,1.0,2.0,TRRUST_v2_mouse,Repression,21425413
Trp53,Myog,-,1.0,1.0,2.0,TRRUST_v2_mouse,Repression,25501595
Gata4,Myog,-,1.0,1.0,2.0,TRRUST_v2_mouse,Repression,22773876
Nfkb1,Myoz2,+,1.0,1.0,2.0,TRRUST_v2_mouse,Activation,17341303
Mef2c,Myoz2,+,1.0,1.0,2.0,TRRUST_v2_mouse,Activation,17341303
Jun,Nacc1,+,1.0,1.0,2.0,TRRUST_v2_mouse,Activation,14521994
Fos,Nacc1,+,1.0,1.0,2.0,TRRUST_v2_mouse,Activation,14521994
Trp53,Nanog,-,1.0,1.0,2.0,TRRUST_v2_mouse,Repression,15619621;24126347
Ctnnb1,Nanog,+,1.0,1.0,2.0,TRRUST_v2_mouse,Activation,17196549
Tcf3,Nanog,-,1.0,1.0,2.0,TRRUST_v2_mouse,Repression,16894029;18483421;21402155
Pou5f1,Nanog,+,1.0,1.0,2.0,TRRUST_v2_mouse,Activation,18687992;22745796;15860457;16541131;19528230;19816951;22787153;25743411
Sox2,Nanog,-,1.0,1.0,2.0,TRRUST_v2_mouse,Repression,22745796;15860457;16541131;20872845;22787153
Trp53,Ndrg1,+,1.0,1.0,2.0,TRRUST_v2_mouse,Activation,18445702
Myc,Ndrg1,-,1.0,1.0,2.0,TRRUST_v2_mouse,Repression,10381566
Jun,Nefl,+,1.0,1.0,2.0,TRRUST_v2_mouse,Activation,8180132
Fos,Nefl,+,1.0,1.0,2.0,TRRUST_v2_mouse,Activation,8180132
Esr1,Nell2,+,1.0,1.0,2.0,TRRUST_v2_mouse,Activation,20538601
Esr2,Nell2,+,1.0,1.0,2.0,TRRUST_v2_mouse,Activation,20538601
Ep300,Neurod1,+,1.0,1.0,2.0,TRRUST_v2_mouse,Activation,14752053
Nr0b2,Neurod1,-,1.0,1.0,2.0,TRRUST_v2_mouse,Repression,14752053
Tcf3,Neurog1,-,1.0,1.0,2.0,TRRUST_v2_mouse,Repression,24832538
Pax6,Neurog1,+,1.0,1.0,2.0,TRRUST_v2_mouse,Activation,22077982
Sox2,Neurog1,+,1.0,1.0,2.0,TRRUST_v2_mouse,Activation,23447599;22513373
Jun,Nfe2l2,-,1.0,1.0,2.0,TRRUST_v2_mouse,Repression,19671797;19326073
Fos,Nfe2l2,-,1.0,1.0,2.0,TRRUST_v2_mouse,Repression,19671797
Rela,Nfkb1,+,1.0,1.0,2.0,TRRUST_v2_mouse,Activation,1740105;18772349;15755876
Jun,Nfkb1,+,1.0,1.0,2.0,TRRUST_v2_mouse,Activation,8896238;1740105
Nfe2l2,Nfkb1,-,1.0,1.0,2.0,TRRUST_v2_mouse,Repression,24521946
Notch1,Nfkb1,+,1.0,1.0,2.0,TRRUST_v2_mouse,Activation,11591772
Crebbp,Nfkb1,+,1.0,1.0,2.0,TRRUST_v2_mouse,Activation,11463834
Nfkb1,Nfkbia,+,1.0,1.0,2.0,TRRUST_v2_mouse,Activation,12545162
Ppara,Nfkbia,+,1.0,1.0,2.0,TRRUST_v2_mouse,Activation,14976045;19438714
Nfkb1,Nfkbiz,+,1.0,1.0,2.0,TRRUST_v2_mouse,Activation,12831461;15527973;15522867
Egr1,Ngfr,+,1.0,1.0,2.0,TRRUST_v2_mouse,Activation,18378044;17916431
Mitf,Ngfr,+,1.0,1.0,2.0,TRRUST_v2_mouse,Activation,9326226
Smad4,Nkx2-5,+,1.0,1.0,2.0,TRRUST_v2_mouse,Activation,14662776;21152044
Smad1,Nkx2-5,+,1.0,1.0,2.0,TRRUST_v2_mouse,Activation,14662776
Ahr,Nkx2-5,-,1.0,1.0,2.0,TRRUST_v2_mouse,Repression,22684894
Stat3,Nos2,+,1.0,1.0,2.0,TRRUST_v2_mouse,Activation,14978160
Fos,Nos2,+,1.0,1.0,2.0,TRRUST_v2_mouse,Activation,14565925;7508407
Stat1,Nos2,+,1.0,1.0,2.0,TRRUST_v2_mouse,Activation,10586055;11870615;12162464;12417260;12667213;8995425;17689680;18274639;18656624
Rel,Nos2,+,1.0,1.0,2.0,TRRUST_v2_mouse,Activation,10437651;8700141;23646894;23831355;24360823
Ets2,Nos2,+,1.0,1.0,2.0,TRRUST_v2_mouse,Activation,12896968
Sp1,Nos3,+,1.0,1.0,2.0,TRRUST_v2_mouse,Activation,12089157;18252813;15180995
Foxo1,Nos3,-,1.0,1.0,2.0,TRRUST_v2_mouse,Repression,16100571
Sp1,Npr1,+,1.0,1.0,2.0,TRRUST_v2_mouse,Activation,20864529;24451378
Ets1,Npr1,+,1.0,1.0,2.0,TRRUST_v2_mouse,Activation,16517010;19487584;20864529;18651838
Ep300,Npr1,+,1.0,1.0,2.0,TRRUST_v2_mouse,Activation,19487584;24451378
Nfkb1,Nqo1,-,1.0,1.0,2.0,TRRUST_v2_mouse,Repression,18752316
Nfe2l2,Nqo1,+,1.0,1.0,2.0,TRRUST_v2_mouse,Activation,16785233;18474683;19474220;21097520;25107906;17278884
Ahr,Nqo1,+,1.0,1.0,2.0,TRRUST_v2_mouse,Activation,19474220;23800876
Trp53,Nr0b2,+,1.0,1.0,2.0,TRRUST_v2_mouse,Activation,22034226
Srebf1,Nr0b2,+,1.0,1.0,2.0,TRRUST_v2_mouse,Activation,15123650
Ep300,Nr0b2,+,1.0,1.0,2.0,TRRUST_v2_mouse,Activation,18842595
Pax6,Nr2e1,+,1.0,1.0,2.0,TRRUST_v2_mouse,Activation,24073291
Sox2,Nr2e1,+,1.0,1.0,2.0,TRRUST_v2_mouse,Activation,22194602
Jun,Nr3c1,+,1.0,1.0,2.0,TRRUST_v2_mouse,Activation,9657066;9259052
Fos,Nr3c1,+,1.0,1.0,2.0,TRRUST_v2_mouse,Activation,9657066
Tcf3,Nr5a2,-,1.0,1.0,2.0,TRRUST_v2_mouse,Repression,24648413
Nr0b2,Nr5a2,+,1.0,1.0,2.0,TRRUST_v2_mouse,Activation,19638401;20375098
Esr1,Nrf1,+,1.0,1.0,2.0,TRRUST_v2_mouse,Activation,23892277
Sp1,Nrgn,+,1.0,1.0,2.0,TRRUST_v2_mouse,Activation,21068393
Sp3,Nrgn,+,1.0,1.0,2.0,TRRUST_v2_mouse,Activation,21068393
Myc,Nrgn,+,1.0,1.0,2.0,TRRUST_v2_mouse,Activation,21068393
Sp1,Nrp1,+,1.0,1.0,2.0,TRRUST_v2_mouse,Activation,19590177
E2f1,Nrp1,-,1.0,1.0,2.0,TRRUST_v2_mouse,Repression,17178835
Trp53,Nupr1,-,1.0,1.0,2.0,TRRUST_v2_mouse,Repression,11896600
Smad3,Ocln,-,1.0,1.0,2.0,TRRUST_v2_mouse,Repression,19597490
Smad4,Ocln,-,1.0,1.0,2.0,TRRUST_v2_mouse,Repression,19597490
Snai1,Ocln,-,1.0,1.0,2.0,TRRUST_v2_mouse,Repression,15790452;19597490
Jun,Odc1,+,1.0,1.0,2.0,TRRUST_v2_mouse,Activation,12054494
Myc,Odc1,+,1.0,1.0,2.0,TRRUST_v2_mouse,Activation,11551968;7478599;7729426;8356088
Sp1,Oprd1,+,1.0,1.0,2.0,TRRUST_v2_mouse,Activation,11455020
Sp3,Oprd1,-,1.0,1.0,2.0,TRRUST_v2_mouse,Repression,12890683
Ets1,Oprd1,+,1.0,1.0,2.0,TRRUST_v2_mouse,Activation,11583993
Sp1,Oprm1,+,1.0,1.0,2.0,TRRUST_v2_mouse,Activation,12670713;9765304
Spi1,Oprm1,-,1.0,1.0,2.0,TRRUST_v2_mouse,Repression,14998994
Sp1,Parp1,+,1.0,1.0,2.0,TRRUST_v2_mouse,Activation,17961220
Sirt1,Parp1,-,1.0,1.0,2.0,TRRUST_v2_mouse,Repression,19470756
Pax6,Pax2,-,1.0,1.0,2.0,TRRUST_v2_mouse,Repression,11003833
Yy1,Pax2,+,1.0,1.0,2.0,TRRUST_v2_mouse,Activation,15013809
Pou5f1,Pax2,+,1.0,1.0,2.0,TRRUST_v2_mouse,Activation,15580630
Hnf1a,Pax4,+,1.0,1.0,2.0,TRRUST_v2_mouse,Activation,12837760
Mitf,Pax4,+,1.0,1.0,2.0,TRRUST_v2_mouse,Activation,23610061
Mitf,Pax6,+,1.0,1.0,2.0,TRRUST_v2_mouse,Activation,23610061;15166150
Nfkb1,Pck1,-,1.0,1.0,2.0,TRRUST_v2_mouse,Repression,21406501
Foxo1,Pck1,-,1.0,1.0,2.0,TRRUST_v2_mouse,Repression,16804074;20421289;20655898
Hnf1a,Pck1,+,1.0,1.0,2.0,TRRUST_v2_mouse,Activation,7935427
Cebpb,Pck1,+,1.0,1.0,2.0,TRRUST_v2_mouse,Activation,10224054;12560325
Cebpa,Pck1,+,1.0,1.0,2.0,TRRUST_v2_mouse,Activation,12560325
Trp53,Pcna,-,1.0,1.0,2.0,TRRUST_v2_mouse,Repression,7909518
E2f1,Pcna,+,1.0,1.0,2.0,TRRUST_v2_mouse,Activation,9649317
Sp3,Pcyt1a,+,1.0,1.0,2.0,TRRUST_v2_mouse,Activation,10744779
Ets1,Pcyt1a,+,1.0,1.0,2.0,TRRUST_v2_mouse,Activation,19168148;16157598
Ets2,Pcyt1a,+,1.0,1.0,2.0,TRRUST_v2_mouse,Activation,19168148
Sp1,Pde6b,-,1.0,1.0,2.0,TRRUST_v2_mouse,Repression,15781457
Sp3,Pde6b,-,1.0,1.0,2.0,TRRUST_v2_mouse,Repression,15781457
Nfkb1,Pdk4,-,1.0,1.0,2.0,TRRUST_v2_mouse,Repression,21625432
Rela,Pdk4,-,1.0,1.0,2.0,TRRUST_v2_mouse,Repression,21625432
E2f1,Pdk4,-,1.0,1.0,2.0,TRRUST_v2_mouse,Repression,21625432
Foxo1,Pdk4,+,1.0,1.0,2.0,TRRUST_v2_mouse,Activation,17079227
Egr1,Pdx1,+,1.0,1.0,2.0,TRRUST_v2_mouse,Activation,17150967
Foxo1,Pdx1,-,1.0,1.0,2.0,TRRUST_v2_mouse,Repression,12488434;21335550;16644672
Foxa2,Pdx1,+,1.0,1.0,2.0,TRRUST_v2_mouse,Activation,12145169;9315659;10652343;12052878;19141476
Sox9,Pdx1,+,1.0,1.0,2.0,TRRUST_v2_mouse,Activation,21829703;20448145
Usf1,Pdx1,+,1.0,1.0,2.0,TRRUST_v2_mouse,Activation,8567692
Sp1,Pemt,-,1.0,1.0,2.0,TRRUST_v2_mouse,Repression,20150657
Jun,Penk,+,1.0,1.0,2.0,TRRUST_v2_mouse,Activation,2512642
Fos,Penk,+,1.0,1.0,2.0,TRRUST_v2_mouse,Activation,2512642
Nfkb1,Per1,-,1.0,1.0,2.0,TRRUST_v2_mouse,Repression,22823397
Nfkb1,Per2,-,1.0,1.0,2.0,TRRUST_v2_mouse,Repression,22823397
Trp53,Perp,+,1.0,1.0,2.0,TRRUST_v2_mouse,Activation,14707288
Ets1,Pf4,+,1.0,1.0,2.0,TRRUST_v2_mouse,Activation,12609849
Usf1,Pf4,+,1.0,1.0,2.0,TRRUST_v2_mouse,Activation,15187018
Trp53,Pias3,-,1.0,1.0,2.0,TRRUST_v2_mouse,Repression,11877452
Foxo1,Pik3r1,+,1.0,1.0,2.0,TRRUST_v2_mouse,Activation,19944124
Mitf,Pik3r1,+,1.0,1.0,2.0,TRRUST_v2_mouse,Activation,21791431
Ctnnb1,Pitx2,+,1.0,1.0,2.0,TRRUST_v2_mouse,Activation,14636578
Trp53,Pkd1,-,1.0,1.0,2.0,TRRUST_v2_mouse,Repression,16931520
Sp1,Pld2,-,1.0,1.0,2.0,TRRUST_v2_mouse,Repression,23898047
Trp53,Plk3,+,1.0,1.0,2.0,TRRUST_v2_mouse,Activation,18445702
Nfkb1,Pmaip1,+,1.0,1.0,2.0,TRRUST_v2_mouse,Activation,20195489
Trp53,Pml,+,1.0,1.0,2.0,TRRUST_v2_mouse,Activation,14992722
Ctnnb1,Pml,+,1.0,1.0,2.0,TRRUST_v2_mouse,Activation,12384561
Trp53,Polk,-,1.0,1.0,2.0,TRRUST_v2_mouse,Repression,15202001
Lef1,Pou1f1,-,1.0,1.0,2.0,TRRUST_v2_mouse,Repression,20807761
Sox2,Pou1f1,+,1.0,1.0,2.0,TRRUST_v2_mouse,Activation,22945632
Lef1,Pou5f1,+,1.0,1.0,2.0,TRRUST_v2_mouse,Activation,20659708
Sox2,Pou5f1,+,1.0,1.0,2.0,TRRUST_v2_mouse,Activation,15988017;15557334;18213644
Nfkb1,Ppara,-,1.0,1.0,2.0,TRRUST_v2_mouse,Repression,10601241;20054868
Rela,Ppara,-,1.0,1.0,2.0,TRRUST_v2_mouse,Repression,20054868
Hnf4a,Ppara,+,1.0,1.0,2.0,TRRUST_v2_mouse,Activation,19933841;19708687;9893938
Nfe2l2,Pparg,+,1.0,1.0,2.0,TRRUST_v2_mouse,Activation,24039005;20089859;20224069
Runx2,Pparg,-,1.0,1.0,2.0,TRRUST_v2_mouse,Repression,15205891
Foxo1,Pparg,-,1.0,1.0,2.0,TRRUST_v2_mouse,Repression,19289458
Ep300,Pparg,+,1.0,1.0,2.0,TRRUST_v2_mouse,Activation,18710950
Cebpb,Pparg,+,1.0,1.0,2.0,TRRUST_v2_mouse,Activation,16431920;23178591
Nfkb1,Ppargc1a,-,1.0,1.0,2.0,TRRUST_v2_mouse,Repression,17003343
Smad3,Ppargc1a,-,1.0,1.0,2.0,TRRUST_v2_mouse,Repression,24002653
Srebf1,Ppargc1a,+,1.0,1.0,2.0,TRRUST_v2_mouse,Activation,19962449
Hnf4a,Ppargc1a,-,1.0,1.0,2.0,TRRUST_v2_mouse,Repression,15155787
Cebpb,Ppargc1a,+,1.0,1.0,2.0,TRRUST_v2_mouse,Activation,19491401
Jun,Ppp1r3b,+,1.0,1.0,2.0,TRRUST_v2_mouse,Activation,11123319
Fos,Ppp1r3b,+,1.0,1.0,2.0,TRRUST_v2_mouse,Activation,11123319
Stat3,Prdm1,+,1.0,1.0,2.0,TRRUST_v2_mouse,Activation,20064451
Ets1,Prdm1,-,1.0,1.0,2.0,TRRUST_v2_mouse,Repression,24019486
Hnf1a,Prdm1,-,1.0,1.0,2.0,TRRUST_v2_mouse,Repression,26214740
Sp1,Prkra,+,1.0,1.0,2.0,TRRUST_v2_mouse,Activation,16339759
Sp3,Prkra,+,1.0,1.0,2.0,TRRUST_v2_mouse,Activation,16339759
Trp53,Prnp,+,1.0,1.0,2.0,TRRUST_v2_mouse,Activation,24339999
Sp1,Proc,+,1.0,1.0,2.0,TRRUST_v2_mouse,Activation,21745612
Sp3,Proc,+,1.0,1.0,2.0,TRRUST_v2_mouse,Activation,21745612
Trp53,Psen1,-,1.0,1.0,2.0,TRRUST_v2_mouse,Repression,10805794
Sp1,Ptdss1,+,1.0,1.0,2.0,TRRUST_v2_mouse,Activation,21068393
Sp3,Ptdss1,+,1.0,1.0,2.0,TRRUST_v2_mouse,Activation,21068393
Nfkb1,Pten,-,1.0,1.0,2.0,TRRUST_v2_mouse,Repression,14729949
Rela,Pten,-,1.0,1.0,2.0,TRRUST_v2_mouse,Repression,14729949
Stat3,Pten,+,1.0,1.0,2.0,TRRUST_v2_mouse,Activation,22055460
Egr1,Pten,+,1.0,1.0,2.0,TRRUST_v2_mouse,Activation,12917634;19597464
Trp53,Ptgds,-,1.0,1.0,2.0,TRRUST_v2_mouse,Repression,17675519
Nfe2l2,Ptgds,+,1.0,1.0,2.0,TRRUST_v2_mouse,Activation,24029383
Spi1,Ptgds,+,1.0,1.0,2.0,TRRUST_v2_mouse,Activation,18680724;19181746
Esr2,Ptgds,+,1.0,1.0,2.0,TRRUST_v2_mouse,Activation,12829806
Sp1,Ptgs1,+,1.0,1.0,2.0,TRRUST_v2_mouse,Activation,12089157
Esr1,Ptgs1,+,1.0,1.0,2.0,TRRUST_v2_mouse,Activation,15705965
Esr2,Ptgs1,+,1.0,1.0,2.0,TRRUST_v2_mouse,Activation,15705965
Sp1,Ptgs2,+,1.0,1.0,2.0,TRRUST_v2_mouse,Activation,17012241
Trp53,Ptgs2,-,1.0,1.0,2.0,TRRUST_v2_mouse,Repression,10196169
Rela,Ptgs2,+,1.0,1.0,2.0,TRRUST_v2_mouse,Activation,20108167;21149600
Jun,Ptgs2,+,1.0,1.0,2.0,TRRUST_v2_mouse,Activation,14552705;10842315;17996688;23172667
Sp3,Ptgs2,+,1.0,1.0,2.0,TRRUST_v2_mouse,Activation,17012241
Nfkb1,Ptpn4,+,1.0,1.0,2.0,TRRUST_v2_mouse,Activation,10338504
Jun,Ptpn4,+,1.0,1.0,2.0,TRRUST_v2_mouse,Activation,10338504
E2f1,Rb1,-,1.0,1.0,2.0,TRRUST_v2_mouse,Repression,16738312
Myod1,Rb1,+,1.0,1.0,2.0,TRRUST_v2_mouse,Activation,12105204;7970718;12665587
Stat3,Rc3h1,+,1.0,1.0,2.0,TRRUST_v2_mouse,Activation,25062971
Stat1,Rc3h1,+,1.0,1.0,2.0,TRRUST_v2_mouse,Activation,25062971
Rel,Rc3h1,+,1.0,1.0,2.0,TRRUST_v2_mouse,Activation,25062971
Nfkb1,Rel,+,1.0,1.0,2.0,TRRUST_v2_mouse,Activation,8241021;17892401;9079634
Stat3,Rela,-,1.0,1.0,2.0,TRRUST_v2_mouse,Repression,12057007
Sirt1,Rela,-,1.0,1.0,2.0,TRRUST_v2_mouse,Repression,25270204
Nfkb1,Relb,+,1.0,1.0,2.0,TRRUST_v2_mouse,Activation,17369819;16357145;17446175
Jun,Relb,+,1.0,1.0,2.0,TRRUST_v2_mouse,Activation,17369819;17446175
Sp1,Ren1,+,1.0,1.0,2.0,TRRUST_v2_mouse,Activation,14761860
Sp3,Ren1,+,1.0,1.0,2.0,TRRUST_v2_mouse,Activation,14761860
Usf1,Ren1,+,1.0,1.0,2.0,TRRUST_v2_mouse,Activation,11564732
Sp1,Rest,+,1.0,1.0,2.0,TRRUST_v2_mouse,Activation,21179468
Sp1,Rho,+,1.0,1.0,2.0,TRRUST_v2_mouse,Activation,15781457
Mef2c,Rho,-,1.0,1.0,2.0,TRRUST_v2_mouse,Repression,21715356
Sp1,Rhox5,+,1.0,1.0,2.0,TRRUST_v2_mouse,Activation,19285002
Smad3,Rif1,-,1.0,1.0,2.0,TRRUST_v2_mouse,Repression,25569105
Pou5f1,Rif1,+,1.0,1.0,2.0,TRRUST_v2_mouse,Activation,25569105
Nfkb1,Ripk2,+,1.0,1.0,2.0,TRRUST_v2_mouse,Activation,19693652
Rela,Ripk2,+,1.0,1.0,2.0,TRRUST_v2_mouse,Activation,19693652
Trp53,Runx1,-,1.0,1.0,2.0,TRRUST_v2_mouse,Repression,23679839
Smad1,Runx1,+,1.0,1.0,2.0,TRRUST_v2_mouse,Activation,17213321
Sp1,Runx2,+,1.0,1.0,2.0,TRRUST_v2_mouse,Activation,19017640
Ctnnb1,Runx2,+,1.0,1.0,2.0,TRRUST_v2_mouse,Activation,16043491
Ets1,Runx2,+,1.0,1.0,2.0,TRRUST_v2_mouse,Activation,12560895
Nfe2l2,Runx2,-,1.0,1.0,2.0,TRRUST_v2_mouse,Repression,24521946
Smad3,Runx2,-,1.0,1.0,2.0,TRRUST_v2_mouse,Repression,16227596
Twist1,Runx3,+,1.0,1.0,2.0,TRRUST_v2_mouse,Activation,22685315
Gata3,Runx3,-,1.0,1.0,2.0,TRRUST_v2_mouse,Repression,23310955
Cebpb,Scgb1a1,-,1.0,1.0,2.0,TRRUST_v2_mouse,Repression,14500549
Cebpa,Scgb1a1,+,1.0,1.0,2.0,TRRUST_v2_mouse,Activation,10745028;11193754;12161423
Smad4,Scnn1a,-,1.0,1.0,2.0,TRRUST_v2_mouse,Repression,18045816
Sirt1,Scnn1a,-,1.0,1.0,2.0,TRRUST_v2_mouse,Repression,19491102
Sp1,Sct,+,1.0,1.0,2.0,TRRUST_v2_mouse,Activation,17875929
Sp1,Sell,+,1.0,1.0,2.0,TRRUST_v2_mouse,Activation,19041738
Ets1,Sell,+,1.0,1.0,2.0,TRRUST_v2_mouse,Activation,19041738
Foxo1,Sell,+,1.0,1.0,2.0,TRRUST_v2_mouse,Activation,20831893;19136962
Irf1,Sell,+,1.0,1.0,2.0,TRRUST_v2_mouse,Activation,19041738
Nfkb1,Selp,+,1.0,1.0,2.0,TRRUST_v2_mouse,Activation,11457873;9545354
Rela,Selp,+,1.0,1.0,2.0,TRRUST_v2_mouse,Activation,9545354
Trp53,Serpinb5,+,1.0,1.0,2.0,TRRUST_v2_mouse,Activation,17700520
Jun,Serpinb5,+,1.0,1.0,2.0,TRRUST_v2_mouse,Activation,21187389
Ets1,Serpinb5,+,1.0,1.0,2.0,TRRUST_v2_mouse,Activation,21187389
Jun,Serpine1,+,1.0,1.0,2.0,TRRUST_v2_mouse,Activation,9125213
Egr1,Serpine1,+,1.0,1.0,2.0,TRRUST_v2_mouse,Activation,17197388
Smad3,Serpine1,+,1.0,1.0,2.0,TRRUST_v2_mouse,Activation,24002653
Ppara,Serpine1,+,1.0,1.0,2.0,TRRUST_v2_mouse,Activation,20400680
Yy1,Serpine1,-,1.0,1.0,2.0,TRRUST_v2_mouse,Repression,12808092
Rela,Serpine2,+,1.0,1.0,2.0,TRRUST_v2_mouse,Activation,16697375
Ppara,Serpine2,+,1.0,1.0,2.0,TRRUST_v2_mouse,Activation,20400680
Sp1,Setdb1,+,1.0,1.0,2.0,TRRUST_v2_mouse,Activation,17142323
Sp3,Setdb1,+,1.0,1.0,2.0,TRRUST_v2_mouse,Activation,17142323
Crebbp,Setdb1,-,1.0,1.0,2.0,TRRUST_v2_mouse,Repression,18319327
Pax6,Sfrp2,+,1.0,1.0,2.0,TRRUST_v2_mouse,Activation,11222670
Mef2c,Sfrp2,+,1.0,1.0,2.0,TRRUST_v2_mouse,Activation,22161640
Nfkb1,Shh,+,1.0,1.0,2.0,TRRUST_v2_mouse,Activation,18772349
Pax6,Shh,+,1.0,1.0,2.0,TRRUST_v2_mouse,Activation,24073291
Sp1,Sirt1,+,1.0,1.0,2.0,TRRUST_v2_mouse,Activation,23843607;21216258
Smad3,Sirt1,+,1.0,1.0,2.0,TRRUST_v2_mouse,Activation,22610349;23161884
Nrf1,Sirt6,+,1.0,1.0,2.0,TRRUST_v2_mouse,Activation,20816089
Sirt1,Sirt6,+,1.0,1.0,2.0,TRRUST_v2_mouse,Activation,20816089
Trp53,Siva1,+,1.0,1.0,2.0,TRRUST_v2_mouse,Activation,15105421
E2f1,Siva1,+,1.0,1.0,2.0,TRRUST_v2_mouse,Activation,15105421
Ppara,Slc27a1,+,1.0,1.0,2.0,TRRUST_v2_mouse,Activation,9933587
Pparg,Slc27a1,+,1.0,1.0,2.0,TRRUST_v2_mouse,Activation,9933587
Sp1,Slc2a1,+,1.0,1.0,2.0,TRRUST_v2_mouse,Activation,18154738;18249093
Nfkb1,Slc2a1,+,1.0,1.0,2.0,TRRUST_v2_mouse,Activation,18249093
Jun,Slc2a1,+,1.0,1.0,2.0,TRRUST_v2_mouse,Activation,9407130
Ctnnb1,Slc2a1,+,1.0,1.0,2.0,TRRUST_v2_mouse,Activation,19129494
Sp1,Slc2a3,-,1.0,1.0,2.0,TRRUST_v2_mouse,Repression,15054091
Sp3,Slc2a3,-,1.0,1.0,2.0,TRRUST_v2_mouse,Repression,15054091
Nfkb1,Slc2a4,-,1.0,1.0,2.0,TRRUST_v2_mouse,Repression,23462193
Srebf1,Slc2a4,+,1.0,1.0,2.0,TRRUST_v2_mouse,Activation,16787385
Esr1,Slc2a4,+,1.0,1.0,2.0,TRRUST_v2_mouse,Activation,16423895;19366879
Esr2,Slc2a4,-,1.0,1.0,2.0,TRRUST_v2_mouse,Repression,16423895;19366879
Cebpa,Slc2a4,+,1.0,1.0,2.0,TRRUST_v2_mouse,Activation,12641495
Sp1,Slc5a1,-,1.0,1.0,2.0,TRRUST_v2_mouse,Repression,15664265;20060848
Sox9,Slc6a19,-,1.0,1.0,2.0,TRRUST_v2_mouse,Repression,24121511
Hnf1a,Slc6a19,+,1.0,1.0,2.0,TRRUST_v2_mouse,Activation,24121511
Hnf4a,Slc6a19,+,1.0,1.0,2.0,TRRUST_v2_mouse,Activation,24121511
Sp1,Slc9a2,+,1.0,1.0,2.0,TRRUST_v2_mouse,Activation,11287330
Sp3,Slc9a2,-,1.0,1.0,2.0,TRRUST_v2_mouse,Repression,11287330
Nr0b2,Smad3,-,1.0,1.0,2.0,TRRUST_v2_mouse,Repression,17074765
Runx2,Smad6,-,1.0,1.0,2.0,TRRUST_v2_mouse,Repression,17215250
Smad1,Smad6,+,1.0,1.0,2.0,TRRUST_v2_mouse,Activation,11585340;17215250;10692396
Smad3,Smad7,+,1.0,1.0,2.0,TRRUST_v2_mouse,Activation,10559222;15886838
Myod1,Smad7,+,1.0,1.0,2.0,TRRUST_v2_mouse,Activation,16880533
Nr0b2,Smad7,-,1.0,1.0,2.0,TRRUST_v2_mouse,Repression,17074765
Hif1a,Snai1,+,1.0,1.0,2.0,TRRUST_v2_mouse,Activation,21257819
Nanog,Snai1,+,1.0,1.0,2.0,TRRUST_v2_mouse,Activation,25240402
Stat1,Socs1,+,1.0,1.0,2.0,TRRUST_v2_mouse,Activation,12438448
Irf1,Socs1,+,1.0,1.0,2.0,TRRUST_v2_mouse,Activation,10820262
Stat3,Socs3,+,1.0,1.0,2.0,TRRUST_v2_mouse,Activation,10359822;19759305;22179221;17947670;18571793;22349108
Stat1,Socs3,+,1.0,1.0,2.0,TRRUST_v2_mouse,Activation,10359822
Nfkb1,Sod2,+,1.0,1.0,2.0,TRRUST_v2_mouse,Activation,11880364
Trp53,Sod2,+,1.0,1.0,2.0,TRRUST_v2_mouse,Activation,19226370
Rela,Sod2,+,1.0,1.0,2.0,TRRUST_v2_mouse,Activation,11880364;10760955
Rel,Sod2,+,1.0,1.0,2.0,TRRUST_v2_mouse,Activation,11880364
Sp1,Sod3,+,1.0,1.0,2.0,TRRUST_v2_mouse,Activation,15451065
Sp3,Sod3,+,1.0,1.0,2.0,TRRUST_v2_mouse,Activation,15451065
Foxa2,Sox2,-,1.0,1.0,2.0,TRRUST_v2_mouse,Repression,22696295
Stat3,Sox6,+,1.0,1.0,2.0,TRRUST_v2_mouse,Activation,21094641;24066135
Runx2,Sox6,+,1.0,1.0,2.0,TRRUST_v2_mouse,Activation,20181744
Nfkb1,Sox9,-,1.0,1.0,2.0,TRRUST_v2_mouse,Repression,10652367
Twist1,Sox9,-,1.0,1.0,2.0,TRRUST_v2_mouse,Repression,22532563
Sp3,Sp1,-,1.0,1.0,2.0,TRRUST_v2_mouse,Repression,19306294;9164849
Sp1,Sp4,-,1.0,1.0,2.0,TRRUST_v2_mouse,Repression,11245974
Nfe2l2,Sp7,-,1.0,1.0,2.0,TRRUST_v2_mouse,Repression,24521946
Runx2,Sp7,+,1.0,1.0,2.0,TRRUST_v2_mouse,Activation,11792318;16000303;16574347
Mef2c,Sp7,+,1.0,1.0,2.0,TRRUST_v2_mouse,Activation,21652706
Notch1,Sp7,+,1.0,1.0,2.0,TRRUST_v2_mouse,Activation,18297084
Msx2,Sp7,+,1.0,1.0,2.0,TRRUST_v2_mouse,Activation,12925529
Jun,Spi1,+,1.0,1.0,2.0,TRRUST_v2_mouse,Activation,9988737
Stat3,Spi1,+,1.0,1.0,2.0,TRRUST_v2_mouse,Activation,11889125;23727242
Fos,Spi1,-,1.0,1.0,2.0,TRRUST_v2_mouse,Repression,9988737
Notch1,Spi1,+,1.0,1.0,2.0,TRRUST_v2_mouse,Activation,12759431
Jun,Spp1,+,1.0,1.0,2.0,TRRUST_v2_mouse,Activation,12200434;12815619;19880446
Ets1,Spp1,+,1.0,1.0,2.0,TRRUST_v2_mouse,Activation,16670084
Runx2,Spp1,+,1.0,1.0,2.0,TRRUST_v2_mouse,Activation,16195230;16670084;23644099;10066751;18410224;24106268
Ppara,Spp1,-,1.0,1.0,2.0,TRRUST_v2_mouse,Repression,17360982
Ep300,Spp1,+,1.0,1.0,2.0,TRRUST_v2_mouse,Activation,18410224
Sp1,Src,+,1.0,1.0,2.0,TRRUST_v2_mouse,Activation,10625617
Nfkb1,Src,+,1.0,1.0,2.0,TRRUST_v2_mouse,Activation,15541355
Trp53,Src,+,1.0,1.0,2.0,TRRUST_v2_mouse,Activation,18310282
Fos,Src,+,1.0,1.0,2.0,TRRUST_v2_mouse,Activation,15541355
Sp1,Srebf1,+,1.0,1.0,2.0,TRRUST_v2_mouse,Activation,20179320;24458133;10918064;15462672;23315940
Trp53,Srebf1,-,1.0,1.0,2.0,TRRUST_v2_mouse,Repression,12734185
Stat3,Srebf1,-,1.0,1.0,2.0,TRRUST_v2_mouse,Repression,15240880
Foxo1,Srebf1,-,1.0,1.0,2.0,TRRUST_v2_mouse,Repression,20868688;22511764
Sirt1,Srebf1,+,1.0,1.0,2.0,TRRUST_v2_mouse,Activation,22984430
Jun,Srxn1,+,1.0,1.0,2.0,TRRUST_v2_mouse,Activation,20826812
Nfe2l2,Srxn1,+,1.0,1.0,2.0,TRRUST_v2_mouse,Activation,18445702;18761713;19027064;20826812;21466852
Fos,Srxn1,+,1.0,1.0,2.0,TRRUST_v2_mouse,Activation,18761713
Smad3,Sstr2,+,1.0,1.0,2.0,TRRUST_v2_mouse,Activation,11278805
Smad4,Sstr2,+,1.0,1.0,2.0,TRRUST_v2_mouse,Activation,11278805
Ep300,Stat5a,+,1.0,1.0,2.0,TRRUST_v2_mouse,Activation,21356387
Esr1,Stat5a,-,1.0,1.0,2.0,TRRUST_v2_mouse,Repression,11682624
Esr2,Stat5a,-,1.0,1.0,2.0,TRRUST_v2_mouse,Repression,11682624
Nfkb1,Stk39,+,1.0,1.0,2.0,TRRUST_v2_mouse,Activation,18787102;19343169
Rela,Stk39,+,1.0,1.0,2.0,TRRUST_v2_mouse,Activation,18787102
Smad3,Tagln,+,1.0,1.0,2.0,TRRUST_v2_mouse,Activation,17981798;16224064
Msx2,Tagln,-,1.0,1.0,2.0,TRRUST_v2_mouse,Repression,17030628
Nfkb1,Tapbp,+,1.0,1.0,2.0,TRRUST_v2_mouse,Activation,12942211
Foxa2,Tbx1,+,1.0,1.0,2.0,TRRUST_v2_mouse,Activation,12533514
Pitx2,Tbx1,-,1.0,1.0,2.0,TRRUST_v2_mouse,Repression,20129917
Twist1,Tbx20,+,1.0,1.0,2.0,TRRUST_v2_mouse,Activation,20804746
Smad1,Tbx20,+,1.0,1.0,2.0,TRRUST_v2_mouse,Activation,11812735;20460370
Ppara,Tbx21,-,1.0,1.0,2.0,TRRUST_v2_mouse,Repression,12816998
Stat1,Tbx21,+,1.0,1.0,2.0,TRRUST_v2_mouse,Activation,11752460;22438254
Twist1,Tbx21,+,1.0,1.0,2.0,TRRUST_v2_mouse,Activation,22685315
Gata3,Tbx21,-,1.0,1.0,2.0,TRRUST_v2_mouse,Repression,17717199;23232398
Notch1,Tcf3,-,1.0,1.0,2.0,TRRUST_v2_mouse,Repression,9528794
Trp53,Tcf4,+,1.0,1.0,2.0,TRRUST_v2_mouse,Activation,14990988
Stat3,Tcf4,+,1.0,1.0,2.0,TRRUST_v2_mouse,Activation,23033267
Ctnnb1,Tcf4,+,1.0,1.0,2.0,TRRUST_v2_mouse,Activation,10489374;11943708
Pax6,Tcf4,+,1.0,1.0,2.0,TRRUST_v2_mouse,Activation,9784592
Yy1,Tcf4,-,1.0,1.0,2.0,TRRUST_v2_mouse,Repression,17640524
Nfkb1,Tcrg-C1,+,1.0,1.0,2.0,TRRUST_v2_mouse,Activation,8756615
Rela,Tcrg-C1,+,1.0,1.0,2.0,TRRUST_v2_mouse,Activation,8756615
Rel,Tcrg-C1,+,1.0,1.0,2.0,TRRUST_v2_mouse,Activation,8756615
Sp1,Tec,+,1.0,1.0,2.0,TRRUST_v2_mouse,Activation,9177279;19843184
Nfkb1,Tec,+,1.0,1.0,2.0,TRRUST_v2_mouse,Activation,19843184
Rela,Tec,+,1.0,1.0,2.0,TRRUST_v2_mouse,Activation,19843184
Sp1,Tert,+,1.0,1.0,2.0,TRRUST_v2_mouse,Activation,15511642;11562751
Trp53,Tert,-,1.0,1.0,2.0,TRRUST_v2_mouse,Repression,18754863
Sp3,Tert,+,1.0,1.0,2.0,TRRUST_v2_mouse,Activation,15511642;11562751
Myc,Tert,+,1.0,1.0,2.0,TRRUST_v2_mouse,Activation,10022128;15511642;11562751;16880523
Sp1,Tesc,+,1.0,1.0,2.0,TRRUST_v2_mouse,Activation,20540995
Sp3,Tesc,+,1.0,1.0,2.0,TRRUST_v2_mouse,Activation,20540995
Trp53,Tff2,-,1.0,1.0,2.0,TRRUST_v2_mouse,Repression,19541923
Jun,Tff2,-,1.0,1.0,2.0,TRRUST_v2_mouse,Repression,19541923
Ep300,Tff2,-,1.0,1.0,2.0,TRRUST_v2_mouse,Repression,19541923
Fos,Tff2,-,1.0,1.0,2.0,TRRUST_v2_mouse,Repression,19541923
Nfkb1,Tgfb1,+,1.0,1.0,2.0,TRRUST_v2_mouse,Activation,19657147
Jun,Tgfb1,+,1.0,1.0,2.0,TRRUST_v2_mouse,Activation,17270292
Stat3,Tgfb1,+,1.0,1.0,2.0,TRRUST_v2_mouse,Activation,16474852
Nfe2l2,Tgfb1,-,1.0,1.0,2.0,TRRUST_v2_mouse,Repression,20103708
Smad4,Tgfb1,-,1.0,1.0,2.0,TRRUST_v2_mouse,Repression,15312519
Ets1,Tgfbr2,+,1.0,1.0,2.0,TRRUST_v2_mouse,Activation,14976186
Smad4,Tgfbr2,+,1.0,1.0,2.0,TRRUST_v2_mouse,Activation,21881210
Sp1,Tgm1,+,1.0,1.0,2.0,TRRUST_v2_mouse,Activation,15061870
Jun,Tgm1,+,1.0,1.0,2.0,TRRUST_v2_mouse,Activation,15061870
Sp1,Thra,-,1.0,1.0,2.0,TRRUST_v2_mouse,Repression,14715929
Nfkb1,Tlr2,+,1.0,1.0,2.0,TRRUST_v2_mouse,Activation,11254708;11739511
Nfkb1,Tlr4,+,1.0,1.0,2.0,TRRUST_v2_mouse,Activation,11544529;10102579
Ets1,Tlr4,+,1.0,1.0,2.0,TRRUST_v2_mouse,Activation,15537384
Spi1,Tlr4,+,1.0,1.0,2.0,TRRUST_v2_mouse,Activation,16093364
Pax6,Tlr4,+,1.0,1.0,2.0,TRRUST_v2_mouse,Activation,15558475
Egr1,Tnf,+,1.0,1.0,2.0,TRRUST_v2_mouse,Activation,17567466;18651635;11739517;11856733;11997234;12509451;15940638
Spi1,Tnf,+,1.0,1.0,2.0,TRRUST_v2_mouse,Activation,19646961;22454293
Twist1,Tnf,-,1.0,1.0,2.0,TRRUST_v2_mouse,Repression,16831897
Irf1,Tnf,+,1.0,1.0,2.0,TRRUST_v2_mouse,Activation,25957166;18802049
Crebbp,Tnf,+,1.0,1.0,2.0,TRRUST_v2_mouse,Activation,10760264;12509451
Nfkb1,Tnfaip3,+,1.0,1.0,2.0,TRRUST_v2_mouse,Activation,11880364;16936197;19343319
Rela,Tnfaip3,+,1.0,1.0,2.0,TRRUST_v2_mouse,Activation,11880364;19343319
Rel,Tnfaip3,+,1.0,1.0,2.0,TRRUST_v2_mouse,Activation,11880364
Usf1,Tnfaip3,+,1.0,1.0,2.0,TRRUST_v2_mouse,Activation,24487321
Nfkb1,Tnfrsf25,+,1.0,1.0,2.0,TRRUST_v2_mouse,Activation,15242537
Sp1,Tnfsf11,+,1.0,1.0,2.0,TRRUST_v2_mouse,Activation,16052479
Nfe2l2,Tnfsf11,-,1.0,1.0,2.0,TRRUST_v2_mouse,Repression,23085426
Esr1,Tnfsf11,+,1.0,1.0,2.0,TRRUST_v2_mouse,Activation,11356664
Rela,Tnfsf13b,+,1.0,1.0,2.0,TRRUST_v2_mouse,Activation,17869641
Smad3,Tnfsf13b,+,1.0,1.0,2.0,TRRUST_v2_mouse,Activation,18334541
Smad4,Tnfsf13b,+,1.0,1.0,2.0,TRRUST_v2_mouse,Activation,18334541
Ep300,Tnfsf13b,+,1.0,1.0,2.0,TRRUST_v2_mouse,Activation,17869641
Smad3,Tpsab1,+,1.0,1.0,2.0,TRRUST_v2_mouse,Activation,16730810
Smad4,Tpsab1,+,1.0,1.0,2.0,TRRUST_v2_mouse,Activation,16730810
Fos,Tpsab1,+,1.0,1.0,2.0,TRRUST_v2_mouse,Activation,16730810
Sp1,Tpt1,+,1.0,1.0,2.0,TRRUST_v2_mouse,Activation,14755691;11997040;21858218
Trp53,Tpt1,+,1.0,1.0,2.0,TRRUST_v2_mouse,Activation,12165856;21245169;24067374;9177263;10753197;11420662;18769132;19789303;20395368;22989750
Smad3,Tpt1,+,1.0,1.0,2.0,TRRUST_v2_mouse,Activation,14755691
Tcf3,Tpt1,+,1.0,1.0,2.0,TRRUST_v2_mouse,Activation,18941177
Pitx2,Tpt1,+,1.0,1.0,2.0,TRRUST_v2_mouse,Activation,20816801
Foxo1,Trib3,-,1.0,1.0,2.0,TRRUST_v2_mouse,Repression,16906224
Ppara,Trib3,+,1.0,1.0,2.0,TRRUST_v2_mouse,Activation,15107844
Nfkb1,Trp53,-,1.0,1.0,2.0,TRRUST_v2_mouse,Repression,10348347;17898080;15044535
Jun,Trp53,-,1.0,1.0,2.0,TRRUST_v2_mouse,Repression,10072388;22859294;10348347
Stat3,Trp53,-,1.0,1.0,2.0,TRRUST_v2_mouse,Repression,16107692
Egr1,Trp53,+,1.0,1.0,2.0,TRRUST_v2_mouse,Activation,15958557
E2f1,Trp53,-,1.0,1.0,2.0,TRRUST_v2_mouse,Repression,8557038;11314026
Trp53,Trp73,+,1.0,1.0,2.0,TRRUST_v2_mouse,Activation,17693405;16990849
Rela,Trp73,-,1.0,1.0,2.0,TRRUST_v2_mouse,Repression,16953234
Egr1,Trp73,+,1.0,1.0,2.0,TRRUST_v2_mouse,Activation,16990849;23149912
Myod1,Trp73,+,1.0,1.0,2.0,TRRUST_v2_mouse,Activation,16007124
Rela,Twist1,+,1.0,1.0,2.0,TRRUST_v2_mouse,Activation,22253230;25368381
Stat3,Twist1,+,1.0,1.0,2.0,TRRUST_v2_mouse,Activation,23161342
Ctnnb1,Twist1,+,1.0,1.0,2.0,TRRUST_v2_mouse,Activation,23095887;12702582
Sp1,Txlng,+,1.0,1.0,2.0,TRRUST_v2_mouse,Activation,23463631
Sp3,Txlng,-,1.0,1.0,2.0,TRRUST_v2_mouse,Repression,23463631
Ppara,Ucp2,+,1.0,1.0,2.0,TRRUST_v2_mouse,Activation,19710929
Pparg,Ucp2,+,1.0,1.0,2.0,TRRUST_v2_mouse,Activation,11150307;20360005
Sirt1,Ucp2,-,1.0,1.0,2.0,TRRUST_v2_mouse,Repression,18005249
Sp1,Ucp3,+,1.0,1.0,2.0,TRRUST_v2_mouse,Activation,24391766
Sp3,Ucp3,+,1.0,1.0,2.0,TRRUST_v2_mouse,Activation,24391766
Ppara,Ucp3,+,1.0,1.0,2.0,TRRUST_v2_mouse,Activation,11259402;16857752;24391766;10342807
Pparg,Ucp3,+,1.0,1.0,2.0,TRRUST_v2_mouse,Activation,20360005
Nfe2l2,Ugt1a6a,+,1.0,1.0,2.0,TRRUST_v2_mouse,Activation,19474220
Ahr,Ugt1a6a,+,1.0,1.0,2.0,TRRUST_v2_mouse,Activation,19474220
Nfkb1,Upp1,+,1.0,1.0,2.0,TRRUST_v2_mouse,Activation,20544543;16397116
Rela,Upp1,+,1.0,1.0,2.0,TRRUST_v2_mouse,Activation,20544543
Stat1,Upp1,+,1.0,1.0,2.0,TRRUST_v2_mouse,Activation,20544543
Pou5f1,Utf1,+,1.0,1.0,2.0,TRRUST_v2_mouse,Activation,15923625;10409735
Sox2,Utf1,+,1.0,1.0,2.0,TRRUST_v2_mouse,Activation,15923625;10409735
Nfkb1,Vcam1,+,1.0,1.0,2.0,TRRUST_v2_mouse,Activation,12604365;17993261;18025230;20966071
Stat3,Vegfa,+,1.0,1.0,2.0,TRRUST_v2_mouse,Activation,17557905;18021292
Sp3,Vegfa,+,1.0,1.0,2.0,TRRUST_v2_mouse,Activation,14662796;9264407
Ctnnb1,Vegfa,+,1.0,1.0,2.0,TRRUST_v2_mouse,Activation,12810642
Smad3,Vegfa,+,1.0,1.0,2.0,TRRUST_v2_mouse,Activation,17053163
E2f1,Vegfa,-,1.0,1.0,2.0,TRRUST_v2_mouse,Repression,16835303
Nfkb1,Wap,+,1.0,1.0,2.0,TRRUST_v2_mouse,Activation,14976147
Pax6,Wnt7b,+,1.0,1.0,2.0,TRRUST_v2_mouse,Activation,11222670
Foxa2,Wnt7b,+,1.0,1.0,2.0,TRRUST_v2_mouse,Activation,11914369
Nfkb1,Wt1,+,1.0,1.0,2.0,TRRUST_v2_mouse,Activation,9572484;11243407
Rela,Wt1,+,1.0,1.0,2.0,TRRUST_v2_mouse,Activation,9572484;11243407
Rel,Wt1,+,1.0,1.0,2.0,TRRUST_v2_mouse,Activation,9572484
Pou5f1,Xist,-,1.0,1.0,2.0,TRRUST_v2_mouse,Repression,21085182
Sox2,Xist,-,1.0,1.0,2.0,TRRUST_v2_mouse,Repression,21085182
Nanog,Xist,-,1.0,1.0,2.0,TRRUST_v2_mouse,Repression,21085182
Sp1,Zbtb14,+,1.0,1.0,2.0,TRRUST_v2_mouse,Activation,9618270
